Time (s),Gyroscope X (deg/s),Gyroscope Y (deg/s),Gyroscope Z (deg/s),Accelerometer X (g),Accelerometer Y (g),Accelerometer Z (g),Magnetometer X (uT),Magnetometer Y (uT),Magnetometer Z (uT),Barometer (hPa)
0.004215717,-1.121442,-0.5904208,-0.5714728,-0.986574,0.01518555,-0.1279822,39.99424,-30.83995,-1.427628,1008.089
0.039277554,-2.84421,0.1828315,-0.2042764,-0.9767833,0.01236413,-0.120784,39.99424,-30.83995,-1.427628,1008.089
0.071835041,-1.490606,1.431931,0.3465182,-0.9766388,0.001636764,-0.1127304,40.35908,-30.83989,-1.874888,1008.089
0.104392052,0.4167448,1.194007,0.2241194,-0.9833252,-0.008203281,-0.1056234,39.99564,-30.83774,-1.04528,1008.089
0.139452934,2.262569,0.8371218,-0.08187761,-0.9803975,-0.009603132,-0.109998,39.99564,-30.83774,-1.04528,1008.089
0.172010422,1.462712,0.3612743,-0.8774698,-0.992047,-0.01457945,-0.1177967,40.35503,-30.47349,-1.431427,1008.089
0.204567432,2.570206,-0.6499017,-0.5714728,-0.9833521,-0.008629853,-0.1186811,39.98856,-30.47614,-1.430239,1008.091
0.239629269,3.616173,-0.4714589,-0.2042764,-0.9800951,0.003582106,-0.1228483,39.98856,-30.47614,-1.430239,1008.091
0.272186279,2.508678,-0.293016,0.2853188,-0.9839923,0.003058582,-0.1257528,39.99564,-30.83774,-1.04528,1008.094
0.304743290,0.7243821,-0.1740542,0.468917,-0.9874167,0.005896625,-0.1184555,39.62209,-30.47879,-1.429049,1008.094
0.337300778,-0.3215847,-0.4119779,0.2853188,-0.9835108,0.005452721,-0.1165326,39.62209,-30.47879,-1.429049,1008.094
0.372361660,-1.429079,0.3017934,-0.02067821,-0.9882747,-0.002888812,-0.1127882,39.99424,-30.83995,-1.427628,1008.094
0.404919148,-1.675189,0.3017934,-0.2042764,-0.9813805,-0.01055029,-0.1182289,39.99424,-30.83995,-1.427628,1008.094
0.437476158,-0.3831121,0.1828315,-0.08187761,-0.9794528,-0.008585648,-0.117234,39.99424,-30.83995,-1.427628,1008.093
0.472537041,0.2936899,0.599198,-0.3878746,-0.9848208,-0.008158596,-0.1196392,39.99424,-30.83995,-1.427628,1008.093
0.505094528,1.155074,0.1828315,-0.2654758,-0.9824566,-0.001339503,-0.1161538,39.62777,-30.8426,-1.426438,1008.091
0.537651539,1.155074,0.0638696,-0.6326722,-0.981478,-0.001335595,-0.1142212,39.62777,-30.8426,-1.426438,1008.091
0.572713375,1.032019,-0.2335351,-0.5714728,-0.9781015,0.000670072,-0.1180609,39.99992,-31.20376,-1.425016,1008.093
0.605270386,-0.1370023,0.3017934,-0.6326722,-0.9853312,-0.005744193,-0.1176684,39.99727,-30.83516,-0.5992088,1008.094
0.637827396,-0.3831121,0.1233505,-0.5714728,-0.9912345,-0.0009547055,-0.1190398,39.99727,-30.83516,-0.5992088,1008.094
0.672888756,-0.5061671,0.004388655,-0.5714728,-0.9809456,-0.006168559,-0.1186459,39.98692,-30.47872,-1.876311,1008.093
0.705445766,-0.07547484,0.004388655,-0.2654758,-0.9828796,-0.007170172,-0.1176925,39.62777,-30.8426,-1.426438,1008.093
0.738003254,0.6013272,-0.1145732,0.1017206,-0.9770942,-0.002707605,-0.1205303,39.99992,-31.20376,-1.425016,1008.094
0.770560265,0.9089645,0.2423124,0.4077176,-0.9805299,-0.0003247072,-0.1200072,39.99992,-31.20376,-1.425016,1008.099
0.805622101,0.9704919,-0.05509228,0.2853188,-0.9766291,0.0001922218,-0.1156527,40.36779,-31.1989,-1.043858,1008.097
0.838179111,-0.07547484,0.004388655,0.04052119,-0.9795893,0.003078369,-0.1175393,39.98856,-30.47614,-1.430239,1008.097
0.870735645,0.170635,0.4802361,0.16292,-0.9830052,0.001620147,-0.1272258,39.98856,-30.47614,-1.430239,1008.097
0.905797482,-0.6907494,0.8371218,-0.143077,-0.9839602,0.001097364,-0.1219157,39.99424,-30.83995,-1.427628,1008.097
0.938354492,-1.736716,1.015565,-0.3878746,-0.9878074,-0.003322223,-0.1229462,39.63485,-31.20419,-1.04148,1008.097
0.970911503,-2.228936,1.134526,-0.449074,-0.9873228,-0.003311476,-0.1239133,39.63485,-31.20419,-1.04148,1008.097
1.005972862,-1.859771,0.9560837,-0.3878746,-0.9882066,-0.01109872,-0.1240312,39.64053,-31.568,-1.038869,1008.099
1.071086884,0.4167448,0.4802361,-0.3878746,-0.9798886,-0.01391722,-0.1216654,39.98288,-30.11233,-1.43285,1008.099
1.106148720,1.708821,0.004388655,-0.143077,-0.9820244,0.002571699,-0.1199616,39.98996,-30.47393,-1.047892,1008.099
1.138706207,0.6628546,0.5397171,-0.08187761,-0.982026,0.002098977,-0.1228691,39.62349,-30.47657,-1.046702,1008.099
1.171263218,-0.5061671,0.3017934,-0.2042764,-0.9776206,0.0006874101,-0.120478,39.62349,-30.47657,-1.046702,1008.099
1.203820229,-0.8753318,0.4207552,-0.449074,-0.9823414,-0.01248904,-0.1221246,39.61943,-30.11018,-0.6032419,1008.099
1.238881588,-0.01394739,0.2423124,-0.143077,-0.9819809,-0.003215257,-0.1297175,39.99424,-30.83995,-1.427628,1008.099
1.271438599,0.2936899,0.4207552,-0.02067821,-0.9805145,-0.002255157,-0.122937,39.99424,-30.83995,-1.427628,1008.099
1.303995609,0.5397997,-0.05509228,0.16292,-0.9823627,-0.0105476,-0.1216116,39.99564,-30.83774,-1.04528,1008.099
1.339057446,1.462712,-0.2335351,0.4077176,-0.9834942,0.003520075,-0.118979,39.6308,-30.8378,-0.5980196,1008.097
1.371614933,0.6013272,-0.1145732,0.2241194,-0.9868363,-0.003780048,-0.1263378,39.6308,-30.8378,-0.5980196,1008.099
1.404170990,-0.1370023,-0.352497,0.04052119,-0.9824727,-0.001785854,-0.1248614,39.62349,-30.47657,-1.046702,1008.099
1.439232826,-0.4446396,0.004388655,-0.08187761,-0.9833811,-0.005723189,-0.1167032,39.62917,-30.84038,-1.044091,1008.103
1.471790314,0.170635,0.1233505,-0.02067821,-0.9872519,-0.009623899,-0.1249764,39.62917,-30.84038,-1.044091,1008.103
1.504347324,-0.1985298,0.1828315,0.16292,-0.9852515,-0.01302404,-0.119713,39.98856,-30.47614,-1.430239,1008.103
1.539408207,-0.1370023,0.0638696,0.1017206,-0.9828949,-0.006666681,-0.1215518,40.35806,-30.4687,-0.6030083,1008.103
1.571965694,-0.07547484,0.004388655,-0.02067821,-0.9815246,0.0006519947,-0.1238584,40.35806,-30.4687,-0.6030083,1008.103
1.604522705,-0.5676945,0.4207552,-0.143077,-0.9848357,-0.007180186,-0.1210744,39.98996,-30.47393,-1.047892,1008.103
1.639584541,-0.2600572,0.2423124,0.16292,-0.9789881,-0.007587702,-0.1215697,39.62349,-30.47657,-1.046702,1008.101
1.672141552,-0.07547484,0.2423124,-0.02067821,-0.9824228,-0.004254958,-0.1161983,39.62349,-30.47657,-1.046702,1008.099
1.704698563,-0.01394739,0.2423124,0.16292,-0.9804594,-0.007112051,-0.1234945,39.62349,-30.47657,-1.046702,1008.099
1.737256050,0.170635,-0.352497,-0.02067821,-0.9848588,-0.004284509,-0.1166798,40.35339,-30.47608,-1.8775,1008.099
1.772316933,0.4167448,0.1828315,0.16292,-0.9834136,-0.004236891,-0.1229644,40.35339,-30.47608,-1.8775,1008.101
1.804874420,0.3552173,0.2423124,0.2241194,-0.9839013,-0.005193083,-0.1278123,39.98996,-30.47393,-1.047892,1008.101
1.837431431,-0.1985298,0.2423124,0.2241194,-0.9805005,-0.00418341,-0.12635,39.62917,-30.84038,-1.044091,1008.099
1.872493267,-0.5676945,0.2423124,0.2241194,-0.9790521,-0.001763384,-0.1200306,39.62917,-30.84038,-1.044091,1008.099
1.905050278,-0.9368593,0.004388655,0.16292,-0.9863257,-0.004292571,-0.1190954,39.99158,-30.47134,-0.60182,1008.098
1.937606812,-0.3831121,0.1233505,0.04052119,-0.9775534,-0.004191461,-0.1162021,39.99424,-30.83995,-1.427628,1008.098
1.972668648,0.4167448,0.0638696,0.1017206,-0.9809991,-0.002265901,-0.1219699,39.99424,-30.83995,-1.427628,1008.096
2.005225658,0.5397997,0.2423124,-0.02067821,-0.9809592,-0.005192345,-0.1195977,39.63648,-31.20161,-0.5954084,1008.1
2.037782669,-0.1985298,-0.293016,0.04052119,-0.9805375,-0.0007864421,-0.1253314,39.62917,-30.84038,-1.044091,1008.1
2.072844028,0.04758007,0.2423124,0.1017206,-0.9829959,0.001127644,-0.1257832,39.62917,-30.84038,-1.044091,1008.1
2.105401039,-0.8753318,0.1828315,0.1017206,-0.9843472,-0.008128074,-0.1249564,39.99727,-30.83516,-0.5992088,1008.1
2.137958527,-0.7522769,0.1828315,0.16292,-0.9814159,-0.008107556,-0.1210919,39.63485,-31.20419,-1.04148,1008.099
2.170515537,-0.2600572,-0.1740542,-0.08187761,-0.981894,-0.009081329,-0.122073,39.63485,-31.20419,-1.04148,1008.099
2.205577374,0.6628546,-0.1740542,0.16292,-0.9776186,0.0002080929,-0.1219354,39.99564,-30.83774,-1.04528,1008.1
2.238134384,0.9089645,0.2423124,0.1017206,-0.9790713,-0.001728221,-0.1277641,39.98996,-30.47393,-1.047892,1008.099
2.270691395,0.7243821,0.004388655,-0.08187761,-0.9800686,0.002106796,-0.1190038,39.98996,-30.47393,-1.047892,1008.099
2.305752754,-0.2600572,0.004388655,-0.143077,-0.9814864,-0.002747172,-0.1243936,39.62349,-30.47657,-1.046702,1008.099
2.338309765,1.155074,-0.7688636,-0.02067821,-0.9775453,-0.006108726,-0.1220319,39.99424,-30.83995,-1.427628,1008.097
2.370866776,1.831876,-0.293016,0.16292,-0.9828824,-0.007640698,-0.1210833,39.99424,-30.83995,-1.427628,1008.095
2.405928612,1.893404,-0.9473064,0.5913157,-0.9804574,-0.007591367,-0.1249519,39.62349,-30.47657,-1.046702,1008.095
2.438486099,0.2936899,-0.6499017,0.5301163,-0.990243,-0.002876852,-0.1210036,40.007,-31.56536,-1.040058,1008.095
2.471042156,0.2936899,-0.5904208,0.6525151,-0.9838813,-0.004278404,-0.1152305,40.007,-31.56536,-1.040058,1008.093
2.506103993,-0.07547484,0.3612743,-0.2042764,-0.9911902,-0.00579182,-0.1239474,39.63485,-31.20419,-1.04148,1008.092
2.538661480,1.462712,-0.1145732,-0.8774698,-0.9819487,-0.003749515,-0.1190914,39.99727,-30.83516,-0.5992088,1008.092
2.571218491,2.754788,0.0638696,-1.305866,-0.976706,0.005088673,-0.1237953,39.99727,-30.83516,-0.5992088,1008.09
2.603775501,1.770349,0.8371218,-1.917859,-0.9877872,-0.006688423,-0.1307316,39.63485,-31.20419,-1.04148,1008.09
2.638836861,-0.5676945,1.253488,-0.8774698,-0.9888979,0.004487974,-0.1334603,39.98856,-30.47614,-1.430239,1008.09
2.671393871,-4.013232,1.729336,-0.3878746,-0.9820241,0.004473581,-0.1107484,39.61943,-30.11018,-0.6032419,1008.088
2.703950882,-5.859056,1.194007,-0.3878746,-0.9822158,-0.02270632,-0.1193803,39.61943,-30.11018,-0.6032419,1008.088
2.739012718,-1.982826,-0.4119779,0.5301163,-0.9787816,-0.0222331,-0.1068086,40.36211,-30.83509,-1.046469,1008.088
2.771570206,2.324096,-0.8878255,0.9585122,-0.9809108,-0.009561132,-0.1206312,39.99158,-30.47134,-0.60182,1008.086
2.804127216,4.292975,-1.899001,0.9585122,-0.9785631,-0.00223635,-0.1214884,39.99158,-30.47134,-0.60182,1008.086
2.839188099,3.800755,-1.482635,0.7749139,-0.9815938,0.006010182,-0.1266768,39.99727,-30.83516,-0.5992088,1008.088
2.871745586,1.708821,-0.8283445,0.2241194,-0.9850286,0.007915964,-0.1280946,39.27406,-31.57065,-1.037681,1008.088
2.904302597,-1.736716,-0.4714589,-0.3266752,-0.9879065,0.003992786,-0.128635,39.27406,-31.57065,-1.037681,1008.086
2.939364433,-0.9983866,0.4207552,-0.3878746,-0.9829379,-0.003258725,-0.1229499,39.99322,-30.46876,-0.1557474,1008.088
2.971921444,0.2321624,0.6586789,-0.6938716,-0.9848225,-0.00720436,-0.1157577,40.00132,-31.20155,-1.042669,1008.088
3.004477978,0.1091075,0.3017934,-0.755071,-0.9930667,-0.01165472,-0.1225849,40.00132,-31.20155,-1.042669,1008.086
3.039539814,1.032019,-0.2335351,-0.5714728,-0.9805319,0.0001546089,-0.1185498,40.00295,-31.19897,-0.5965977,1008.086
3.072096825,1.032019,-0.1740542,-0.3266752,-0.9815351,0.002573654,-0.1189953,39.62511,-30.47399,-0.6006308,1008.086
3.104654312,0.2936899,-0.1740542,-0.3878746,-0.9809887,-0.001333641,-0.1132549,39.62511,-30.47399,-0.6006308,1008.085
3.137211323,-0.1985298,-0.1145732,-0.5102734,-0.985283,-0.01011298,-0.1187018,39.99727,-30.83516,-0.5992088,1008.085
3.172272205,-0.07547484,0.1233505,-0.6938716,-0.9819423,-0.004712543,-0.1210396,39.99564,-30.83774,-1.04528,1008.089
3.204829693,-0.01394739,0.4802361,-0.9998686,-0.9881566,-0.01499479,-0.1221572,39.99564,-30.83774,-1.04528,1008.089
3.237386704,1.339657,0.1233505,-0.6938716,-0.9842764,-0.01301354,-0.1192304,39.6308,-30.8378,-0.5980196,1008.089
3.272448540,0.1091075,0.0638696,0.04052119,-0.9818646,-0.01151307,-0.1216268,39.98428,-30.11012,-1.050503,1008.087
3.305005550,0.1091075,-0.6499017,0.4077176,-0.9823261,-0.01441949,-0.1250543,39.98428,-30.11012,-1.050503,1008.087
3.337562561,-0.01394739,0.0638696,0.7749139,-0.9800014,-0.004199035,-0.121517,40.35806,-30.4687,-0.6030083,1008.087
3.372623921,-0.4446396,-0.293016,0.8361133,-0.9853268,-0.006227905,-0.1181592,40.36779,-31.1989,-1.043858,1008.087
3.405180931,0.1091075,-0.4119779,0.4077176,-0.9799278,-0.008613974,-0.1124002,40.36779,-31.1989,-1.043858,1008.083
3.437737942,1.708821,-1.244711,0.1017206,-0.9765437,-0.007573534,-0.1177048,39.62349,-30.47657,-1.046702,1008.081
3.472799778,3.247008,-1.244711,-0.143077,-0.9848696,-0.00426473,-0.1210299,40.37105,-31.19374,-0.1517134,1008.081
3.505357266,-0.629222,0.5397171,-0.8162704,-0.9970524,-0.006784895,-0.1360413,40.37105,-31.19374,-0.1517134,1008.081
3.537914276,-2.413518,-0.4119779,-0.9998686,-0.9906364,-0.01256622,-0.128885,40.36211,-30.83509,-1.046469,1008.085
3.570471287,-2.044353,0.6586789,0.04052119,-0.9668247,-0.003605417,-0.1075027,39.99727,-30.83516,-0.5992088,1008.084
3.605532646,-1.429079,1.015565,0.16292,-0.9793047,-0.0193196,-0.1077304,39.99727,-30.83516,-0.5992088,1008.082
3.638089657,-0.2600572,0.2423124,0.8361133,-0.9755533,-0.006639561,-0.1065738,40.00132,-31.20155,-1.042669,1008.082
3.670646667,1.032019,0.0638696,0.16292,-0.9926028,-0.008752697,-0.1181907,40.72858,-30.83244,-1.047658,1008.082
3.705708027,1.462712,-0.7688636,-1.061068,-0.9842029,-0.02218428,-0.132905,40.72858,-30.83244,-1.047658,1008.082
3.738265037,3.43159,-1.542116,-0.8774698,-0.9873428,-0.004226154,-0.136495,39.62349,-30.47657,-1.046702,1008.082
3.770822048,3.185481,0.4207552,-1.061068,-0.9850664,0.01036309,-0.1319242,39.98996,-30.47393,-1.047892,1008.084
3.805883884,0.7243821,0.7776408,-1.183467,-0.9867799,-0.007212178,-0.1196229,39.98996,-30.47393,-1.047892,1008.085
3.838441372,-4.136287,0.4802361,-0.9998686,-0.9872114,-0.01017354,-0.1109669,39.99322,-30.46876,-0.1557474,1008.085
3.870998383,-6.47433,0.3612743,0.04052119,-0.9818244,-0.01253763,-0.1100414,40.36374,-30.83251,-0.6003971,1008.084
3.906059265,-5.674473,1.610374,0.6525151,-0.9826095,-0.02811481,-0.1068946,40.36374,-30.83251,-0.6003971,1008.084
3.938616753,-2.228936,2.026741,0.16292,-0.985503,-0.03058246,-0.1069295,39.99564,-30.83774,-1.04528,1008.084
3.971173763,0.04758007,1.134526,-0.5102734,-0.9812472,-0.02173279,-0.1169495,39.98996,-30.47393,-1.047892,1008.084
4.006235600,2.877843,0.599198,-1.061068,-0.9814216,-0.007621648,-0.1210845,39.98996,-30.47393,-1.047892,1008.084
4.038792610,-0.7522769,0.1828315,-2.223857,-0.9761899,0.0007614002,-0.1325627,40.35643,-30.47128,-1.04908,1008.084
4.071349621,3.493118,-0.4714589,-1.367065,-0.9853895,-0.004686666,-0.1365039,39.9859,-30.10753,-0.6044312,1008.084
4.103907108,2.201041,-0.352497,-0.08187761,-0.9733427,0.005691555,-0.1397408,39.9859,-30.10753,-0.6044312,1008.088
4.138967991,2.508678,-0.352497,0.04052119,-0.9844998,0.003089592,-0.1339692,40.36537,-30.82993,-0.1543245,1008.09
4.171525478,4.046865,-2.196406,0.16292,-0.9780757,-0.001755079,-0.1190647,39.98856,-30.47614,-1.430239,1008.085
4.204082489,2.262569,-1.83952,-0.02067821,-0.9833465,-0.007688803,-0.1118995,39.98856,-30.47614,-1.430239,1008.085
4.239144325,0.847437,-2.374849,-0.3266752,-0.9817511,-0.01885445,-0.1101378,40.35238,-30.10489,-0.6056194,1008.085
4.271701336,1.462712,-1.958482,-0.02067821,-0.9827585,-0.01690374,-0.1144575,39.61641,-30.11498,-1.431661,1008.09
4.304258347,3.247008,-0.9473064,1.264509,-0.9662193,-0.0123762,-0.1008698,39.61641,-30.11498,-1.431661,1008.09
4.339319706,-2.536573,2.026741,1.509307,-1.000242,-0.02054688,-0.1115959,40.36374,-30.83251,-0.6003971,1008.09
4.371876717,-3.459485,-0.7688636,1.14211,-0.986509,-0.02863394,-0.1107658,40.72453,-30.46605,-0.6041975,1008.09
4.404433727,-3.767122,-0.05509228,1.325709,-0.979345,-0.01544112,-0.1057377,40.72453,-30.46605,-0.6041975,1008.088
4.439495564,-0.2600572,-0.05509228,1.20331,-0.9842578,-0.0154255,-0.1231343,39.6308,-30.8378,-0.5980196,1008.086
4.472052097,3.370063,0.1233505,0.7137145,-0.982432,-0.005189416,-0.12443,39.98856,-30.47614,-1.430239,1008.088
4.504609585,2.201041,0.004388655,0.468917,-0.9825513,0.006918755,-0.1155444,39.98856,-30.47614,-1.430239,1008.086
4.537166596,3.616173,0.004388655,-1.061068,-0.9776746,0.005542106,-0.1194371,40.35806,-30.4687,-0.6030083,1008.086
4.572228432,-0.4446396,-1.78004,-2.774651,-0.9945096,-0.01027978,-0.1085446,39.62614,-30.84518,-1.872511,1008.086
4.604785442,-4.628507,-2.196406,-3.203047,-0.9908713,-0.03205729,-0.1185479,39.62614,-30.84518,-1.872511,1008.086
4.637342453,-2.5981,-2.077444,-1.795461,-0.9895619,-0.01939581,-0.1202895,40.35643,-30.47128,-1.04908,1008.086
4.672403812,-2.167408,-0.1145732,-0.5714728,-0.9876536,-0.01596905,-0.120239,39.98996,-30.47393,-1.047892,1008.084
4.704960823,-2.167408,-0.352497,-0.143077,-0.9881703,-0.01401857,-0.123109,39.9786,-29.74631,-1.053113,1008.084
4.737517834,-2.721155,-0.8283445,0.2241194,-0.9703275,0.005083314,-0.1044665,39.9786,-29.74631,-1.053113,1008.084
4.772579670,-2.967265,-2.374849,0.2241194,-0.9848956,0.003868259,-0.09286994,40.35806,-30.4687,-0.6030083,1008.084
4.805137157,-1.490606,-5.527339,0.7749139,-0.9646715,-0.01346742,-0.07043523,39.98856,-30.47614,-1.430239,1008.084
4.837694168,2.324096,-9.393599,0.7749139,-0.9721593,0.003894899,-0.06242909,39.98856,-30.47614,-1.430239,1008.084
4.872755051,1.339657,-13.67623,-0.6938716,-0.9554535,-0.04985125,-0.05891479,39.98856,-30.47614,-1.430239,1008.084
4.905312538,5.769634,-16.47183,0.2853188,-0.9365637,-0.04180929,-0.06316072,39.62614,-30.84518,-1.872511,1008.084
4.937869549,2.385624,-14.33052,3.712485,-0.9328747,-0.02568612,-0.07113571,39.62614,-30.84518,-1.872511,1008.084
4.970426559,4.108392,-12.07024,7.017252,-0.8781666,-0.003463332,-0.09840196,39.99098,-30.84512,-2.319772,1008.084
5.005488396,-1.613661,-2.553292,17.66595,-0.8481022,0.1572198,-0.1839541,39.61477,-30.11756,-1.877733,1008.083
5.038045406,-22.65605,5.77404,22.6843,-0.8633446,0.2594373,-0.1548275,39.61477,-30.11756,-1.877733,1008.087
5.070602894,-67.32499,4.227535,14.23878,-0.8900877,0.1478905,-0.07046236,38.53077,-31.21951,-2.312406,1008.087
5.105663776,-98.33483,-6.716958,-0.6938716,-1.108699,-0.2415473,0.2926238,39.25743,-31.22418,-4.035346,1008.083
5.138221264,-82.33769,29.09057,-9.690183,-1.959838,-0.6045057,-0.7716541,39.25743,-31.22418,-4.035346,1008.089
5.170778275,83.54034,-66.13842,12.89239,-0.6443859,0.191954,0.2403007,39.98323,-31.603,-7.539963,1008.087
5.205840111,-7.766407,23.6778,6.833654,-0.9124525,0.2406442,-0.01150385,39.2373,-30.88325,-7.98888,1008.087
5.238396645,13.89126,0.7181599,7.323249,-0.9496325,-0.1395139,-0.09702498,39.2373,-30.88325,-7.98888,1008.087
5.270953655,12.16849,-1.423154,4.20208,-1.1073,0.2819325,-0.03050433,39.98323,-31.603,-7.539963,1008.087
5.306015492,-36.86889,-13.20038,-6.385416,-1.01659,0.06007589,-0.03977713,38.89277,-31.96958,-6.641642,1008.085
5.338572502,-33.42336,-7.430729,-4.733032,-0.9075435,-0.01871584,-0.03528393,38.89277,-31.96958,-6.641642,1008.085
5.371129513,-0.07547484,-0.4119779,-0.6938716,-0.978836,-0.0510905,-0.06712853,38.5084,-31.25494,-8.429963,1008.087
5.406190872,28.53479,2.145702,2.488497,-1.013861,-0.003629721,-0.02383349,38.87488,-31.25229,-8.431152,1008.087
5.438747883,17.82902,1.550893,1.815304,-0.9963391,0.1224838,-0.02531001,38.87488,-31.25229,-8.431152,1008.087
5.471305370,-9.366121,1.550893,-2.713452,-0.9784281,0.1319488,-0.02469951,38.87651,-31.24971,-7.98508,1008.089
5.503862381,-14.16526,2.264664,-6.018219,-0.9795644,0.01777674,-0.03707456,38.1452,-31.25242,-7.536631,1008.087
5.538924217,-8.504737,4.941307,-4.488234,-0.9865371,0.03128891,-0.03589493,38.1452,-31.25242,-7.536631,1008.089
5.571481228,-0.1985298,8.27224,-5.100228,-0.9710696,-0.003438178,-0.04997422,39.59809,-30.51679,-7.99268,1008.089
5.604038238,10.81488,11.36525,-5.712222,-0.9855969,0.03136314,-0.04942926,39.96456,-30.51415,-7.993869,1008.089
5.639099598,7.984622,12.01954,-7.854201,-0.9870622,0.03325476,-0.04214833,39.96456,-30.51415,-7.993869,1008.089
5.671656609,3.247008,13.92293,-8.404996,-0.9867475,0.04546598,-0.05453013,39.23893,-30.88067,-7.542808,1008.089
5.704213619,0.7859095,15.58839,-10.42458,-0.9908217,0.01488226,-0.07384449,39.96782,-30.50898,-7.101725,1008.091
5.739275455,7.861567,15.46943,-8.037799,-0.9785784,-0.03639699,-0.09107346,39.96782,-30.50898,-7.101725,1008.091
5.771832943,14.75264,17.01594,-6.018219,-0.9893774,0.009224242,-0.1077686,39.60438,-30.50683,-6.272117,1008.091
5.804389954,9.891973,13.80397,-6.691412,-0.9835551,-0.0243743,-0.07735068,40.34626,-30.86018,-5.379739,1008.089
5.839450836,5.461997,17.4323,-3.87624,-0.9843324,-0.007679526,-0.1167321,40.34626,-30.86018,-5.379739,1008.087
5.872008324,12.04543,18.62192,-3.141848,-0.9743536,-0.02701527,-0.1112362,40.34221,-30.49379,-4.936278,1008.093
5.904565334,10.56877,21.47701,-3.386645,-0.9873215,-0.004740633,-0.130219,40.71334,-30.48376,-3.662976,1008.091
5.937122345,10.99947,17.61075,-1.795461,-0.9868684,-0.00942855,-0.1665442,40.71334,-30.48376,-3.662976,1008.091
5.972184181,9.030588,15.35047,-3.815041,-1.000719,0.004581719,-0.1875857,41.07171,-29.74833,-2.777243,1008.091
6.004741192,-5.736001,13.26864,-1.673062,-0.9478085,-0.01101365,-0.1337364,41.07335,-29.74575,-2.331171,1008.091
6.037298679,-1.182969,13.50656,-0.6326722,-0.9827756,-0.07151235,-0.18248,41.07335,-29.74575,-2.331171,1008.091
6.072359562,8.784478,11.30577,0.9585122,-0.9719275,-0.03933366,-0.1737821,41.43879,-29.37191,-1.060479,1008.091
6.104917049,6.138799,10.41355,1.876503,-0.9740779,-0.01996445,-0.1643004,41.07801,-29.73837,-1.05668,1008.091
6.137474060,12.23002,7.855873,1.815304,-0.996146,-0.01901465,-0.2222698,41.07801,-29.73837,-1.05668,1008.09
6.172535896,0.3552173,4.168054,1.019712,-0.9809179,-0.02286551,-0.1870567,41.44774,-29.73055,-0.1657238,1008.09
6.205092907,-3.58254,1.491412,1.14211,-0.9636598,-0.00406688,-0.2099887,41.0829,-29.73062,0.2815361,1008.088
6.237649441,-5.243781,2.205183,1.509307,-0.9849627,-0.01836291,-0.226621,41.0829,-29.73062,0.2815361,1008.088
6.272711277,0.2321624,-1.423154,2.243699,-0.9642541,0.009439926,-0.1894802,40.71806,-29.73068,0.728797,1008.086
6.305268288,-4.997671,2.681031,0.16292,-1.000182,-0.001686995,-0.196866,41.08695,-30.09701,-0.1619244,1008.086
6.337825298,11.3071,2.681031,-0.8162704,-0.9606702,-0.05926834,-0.2461203,41.08695,-30.09701,-0.1619244,1008.086
6.372887135,1.647294,0.4207552,1.876503,-0.9454357,0.06844717,-0.179414,40.7148,-29.73585,-0.1633463,1008.088
6.405443668,-28.62421,-2.493811,4.875274,-0.9759685,-0.07045383,-0.181987,40.72211,-30.09707,0.2853355,1008.088
6.438000679,-7.274187,-0.6499017,13.13719,-0.968631,-0.1644794,-0.2182317,40.72211,-30.09707,0.2853355,1008.088
6.470558167,24.47398,0.3612743,22.9903,-0.9775903,-0.06399563,-0.2171734,40.72048,-30.09966,-0.1607361,1008.088
6.505620003,14.8757,-0.9473064,29.29383,-0.9610496,0.01651566,-0.2396466,39.98754,-30.10495,-0.1583586,1008.086
6.538177014,-10.47362,-11.83232,34.25098,-0.9936392,0.05306742,-0.2482416,39.98754,-30.10495,-0.1583586,1008.086
6.570734024,-32.68503,-20.75446,41.47251,-1.020326,0.00598984,-0.2324993,40.367,-30.82734,0.2917471,1008.086
6.605795383,-28.43963,-29.49816,55.36478,-1.038936,-0.07908069,-0.2816335,39.28705,-32.29569,-0.5863867,1008.086
6.638352394,4.600612,-39.01511,66.99266,-1.157481,-0.05739674,-0.2599197,39.28705,-32.29569,-0.5863867,1008.086
6.670909405,53.26883,-43.23825,72.0722,-1.22918,-0.01298701,-0.2915592,37.83355,-33.40509,-1.848289,1008.084
6.705971241,80.40244,-57.87056,60.68913,-1.244606,0.2657947,-0.293575,34.92125,-34.88667,-2.720478,1008.084
6.738528728,78.92577,-66.73323,45.63407,-0.8691555,0.3238742,-0.2331126,32.75004,-36.35005,-1.364685,1008.084
6.771085739,80.3409,-49.90012,23.78589,-0.7110717,0.4260215,-0.2259062,32.75004,-36.35005,-1.364685,1008.086
6.806146622,25.33537,-19.98121,-31.29357,-0.3994922,-0.0006769991,-0.5116253,31.31155,-37.8085,-0.07499409,1008.086
6.838704109,62.92864,30.33967,-66.91162,-0.2817012,-0.3263582,-0.6960405,30.94266,-37.44217,0.8157263,1008.089
6.871261120,111.1046,73.58231,-76.94833,-0.6106159,-0.105542,-0.7131393,30.94266,-37.44217,0.8157263,1008.087
6.903818130,152.205,105.1667,-79.82469,-0.9736776,-0.04131334,-0.7016581,32.02321,-35.60004,3.411812,1008.087
6.938879967,204.5033,118.6689,-91.51378,-1.069737,-0.09786049,-0.6197706,34.93166,-32.63333,9.435247,1008.087
6.971436977,235.4516,116.0517,-100.3265,-1.217277,0.0892796,-0.5142973,34.93166,-32.63333,9.435247,1008.083
7.003994465,177.6774,97.85053,-104.2433,-1.299867,0.1800103,-0.3973063,37.08692,-27.83994,17.67836,1008.083
7.039055347,128.9476,62.22145,-88.33141,-1.181764,-0.0483191,-0.1887013,38.09508,-20.52036,23.74013,1008.083
7.071612835,182.9687,44.9125,-35.57753,-1.004539,0.2632685,-0.1198296,38.09508,-20.52036,23.74013,1008.083
7.104169846,121.0106,13.32812,12.95359,-0.9169418,0.2337034,0.1116557,38.00563,-13.95147,27.19798,1008.083
7.139231682,111.4123,-21.94408,56.09917,-1.077473,0.1168597,0.2289387,37.1905,-8.494807,27.98961,1008.085
7.171788693,91.90807,-53.94482,81.12971,-1.028185,0.1168305,0.2694944,37.1905,-8.494807,27.98961,1008.085
7.204345703,-356.9347,208.723,-31.35477,-0.05862159,-2.309896,-3.965142,37.16682,-6.97893,27.97873,1008.085
7.239407063,180.323,-64.9488,104.1407,-0.8076195,2.136639,0.7017826,37.88942,-6.617205,26.69925,1008.085
7.271964073,-391.5132,-59.77396,25.98907,-1.243447,-0.2551349,-0.3078075,37.88942,-6.617205,26.69925,1008.085
7.304521084,-84.42962,-96.4737,-7.364606,-0.8811975,-0.3357866,-0.1315049,37.8829,-6.627537,24.91497,1008.087
7.339582920,-67.01735,-40.97798,29.96703,-0.7769984,-0.6293261,0.05581675,40.16443,-13.25336,19.34751,1008.087
7.372140408,94.98444,-13.08142,44.41008,-0.8632314,-0.3450266,-0.3975205,40.16443,-13.25336,19.34751,1008.087
7.404697418,113.9349,3.751688,32.1702,-0.997068,0.03694449,-0.1334406,41.64488,-14.71093,17.12284,1008.089
7.437254429,64.77446,-9.750484,21.52151,-1.203135,0.1027996,-0.2424469,40.5601,-15.44132,18.02377,1008.087
7.472315788,-60.00322,-46.09334,9.281631,-0.8025028,0.1748352,0.02605616,40.5601,-15.44132,18.02377,1008.085
7.504872799,-81.4763,-26.94048,15.52397,-0.9831229,-0.4560443,-0.1632106,39.82716,-15.44662,18.02615,1008.085
7.537429810,49.70024,-13.61675,21.39911,-1.015254,-0.3282281,-0.1472117,40.55786,-15.81768,15.85974,1008.087
7.572491646,53.33036,-6.300591,25.07107,-0.9459063,-0.06786748,-0.02439574,40.55786,-15.81768,15.85974,1008.087
7.605048656,33.7031,-10.04789,20.60352,-1.027273,-0.03417805,-0.07745805,40.21006,-16.90918,16.31484,1008.087
7.672667026,0.2321624,-30.21193,30.82382,-0.9781763,-0.1905877,-0.0629735,40.21574,-17.27299,16.31745,1008.091
7.705224514,-2.659628,-53.35001,37.43335,-1.096324,-0.53398,-0.02314433,39.84438,-17.28338,14.98042,1008.091
7.737781525,55.05313,-44.36839,36.02577,-0.9023209,-0.2867341,0.0282948,40.23055,-18.74078,14.16126,1008.089
7.772843361,97.01485,-49.30531,43.55329,-1.017757,-0.2525679,-0.01360969,40.23055,-18.74078,14.16126,1008.089
7.805400372,140.2687,-69.82624,37.49455,-0.8707316,-0.1831111,0.09606784,39.86486,-19.11498,12.82684,1008.091
7.837957382,156.3889,-54.83704,41.71731,-0.5009707,0.5646761,-0.08284763,39.52517,-20.93927,12.39502,1008.089
7.870513916,24.10482,27.36562,61.11752,-1.111724,1.607608,-0.1103341,39.52517,-20.93927,12.39502,1008.089
7.905575752,-198.0093,-21.94408,43.0025,-0.9961812,-0.3462032,-0.2006758,38.40629,-19.4868,13.28028,1008.089
7.938132763,-4.443924,-36.93327,48.81644,-0.8103231,0.1202026,0.1533251,37.6841,-20.59349,11.56993,1008.089
7.970690250,-67.26346,-11.59439,50.40762,-1.087761,0.1823629,0.1173212,37.6841,-20.59349,11.56993,1008.089
8.005752087,-0.7522769,-15.87702,52.8556,-0.9804677,-0.03694936,0.1303065,37.72871,-23.87811,9.809141,1008.089
8.038309097,5.092832,-19.26744,52.24361,-0.8619149,0.3954829,0.2822859,35.91847,-25.72037,8.107576,1008.089
8.070865631,-21.61008,-13.67623,45.26688,-1.009882,0.2128694,0.04520491,35.91847,-25.72037,8.107576,1008.089
8.105927467,-48.49758,-15.99598,38.65734,-0.8957329,0.1983429,0.2522418,35.21068,-27.54988,7.230867,1008.089
8.138484478,-1.490606,-19.3864,37.43335,-0.9269373,0.2730452,0.194923,33.75718,-28.65928,5.968966,1008.091
8.171041489,-7.151132,-14.33052,36.76016,-0.9036971,0.2484414,0.2211109,33.75718,-28.65928,5.968966,1008.091
8.206103325,-4.936144,-4.099796,34.61818,-0.8536208,0.3855736,0.2410397,32.66587,-29.40001,5.085608,1008.091
8.238660336,-10.04292,-1.83952,32.6598,-0.9029608,0.3116133,0.2254576,32.31481,-30.49667,4.648558,1008.091
8.271216869,-10.6582,5.11975,29.66103,-0.9293976,0.3599863,0.2001188,32.31481,-30.49667,4.648558,1008.091
8.303774357,-1.429079,4.643902,25.68307,-0.8909806,0.4256854,0.2905087,31.23649,-31.96244,4.216497,1008.089
8.338836193,14.445,1.669855,21.09311,-0.8762092,0.4217176,0.1376869,30.51086,-32.32895,4.667559,1008.091
8.371393204,2.939371,4.703383,13.19839,-0.8758715,0.4928074,0.2161114,30.51086,-32.32895,4.667559,1008.095
8.403950214,0.4167448,-0.2335351,6.527657,-0.9174641,0.4171258,0.1739099,28.68582,-32.70341,5.122185,1008.095
8.439012051,0.1091075,-1.006787,1.080911,-0.8812913,0.4496281,0.1840384,28.32768,-33.43848,4.300177,1008.095
8.471568585,-1.429079,1.194007,-1.244666,-0.8785288,0.3967995,0.2658872,28.32768,-33.43848,4.300177,1008.095
8.504125595,5.154359,3.513764,-3.570243,-0.8898571,0.4348816,0.1959061,28.6996,-33.80001,4.237875,1008.095
8.539187431,-12.75013,11.72213,-8.343796,-0.895416,0.3729875,0.2172025,28.69555,-33.43362,4.681335,1008.095
8.571744442,9.276698,9.878225,-10.97537,-0.865136,0.4957592,0.2388648,28.69555,-33.43362,4.681335,1008.095
8.604301929,-9.550704,15.8858,-14.46374,-0.884873,0.3416269,0.1968954,29.04763,-32.70815,3.846505,1008.097
8.639363766,-0.01394739,19.6331,-17.15651,-0.8909476,0.3643268,0.2107822,29.05392,-32.69819,5.567068,1008.101
8.671920776,4.231447,22.96403,-22.78685,-0.9001372,0.3517264,0.1767624,29.05392,-32.69819,5.567068,1008.097
8.704477310,5.461997,23.02351,-27.62161,-0.8989044,0.3726131,0.1828804,29.41876,-32.69812,5.119806,1008.099
8.739539146,9.338225,24.80794,-31.47717,-0.8983983,0.3664016,0.1610332,30.14928,-32.32385,6.006964,1008.099
8.772096157,0.170635,28.79316,-33.86395,-0.9132533,0.3049431,0.1668772,30.14687,-31.95488,6.896496,1008.099
8.804653168,2.816316,32.00513,-32.39516,-0.9233186,0.286919,0.1472768,30.14687,-31.95488,6.896496,1008.095
8.837210655,-3.274902,35.21711,-30.98757,-0.9489898,0.2240828,0.1047726,30.8731,-31.21458,8.163385,1008.098
8.872272015,14.26042,33.73008,-31.90556,-0.9452515,0.277634,0.09591841,31.95305,-29.74623,9.041521,1008.096
8.904829502,18.6904,33.07579,-36.80152,-0.9544878,0.2684481,0.05905055,31.95305,-29.74623,9.041521,1008.096
8.937386036,20.22859,29.50694,-41.57507,-0.9688327,0.2720015,-0.01483805,32.29741,-27.91457,10.74784,1008.094
8.972447872,14.26042,27.4251,-46.16502,-0.9588308,0.212252,0.006959447,33.02225,-27.17649,11.63238,1008.094
9.005004883,26.25828,27.30614,-47.02182,-0.9643139,0.1397558,0.008758971,33.02225,-27.17649,11.63238,1008.092
9.037561893,36.34878,29.20953,-44.94104,-0.9734057,0.1198426,-0.02005529,34.1109,-26.06715,13.34155,1008.092
9.072623730,36.53336,30.81552,-40.16748,-0.9605595,0.07026058,0.01832939,35.56604,-24.95517,15.04952,1008.095
9.105180740,30.44214,31.94565,-32.51756,-0.9900711,0.06566222,-0.1228583,35.56604,-24.95517,15.04952,1008.095
9.137738228,23.42801,30.81552,-29.82479,-0.9754796,0.0297924,-0.1021511,35.53848,-22.76197,16.81814,1008.097
9.172799110,20.78233,27.1277,-27.43801,-1.001042,0.04417134,-0.1309096,35.15394,-21.302,18.08338,1008.097
9.205356121,22.68968,20.82272,-25.96922,-0.965489,-0.03516802,-0.109919,35.15394,-21.302,18.08338,1008.095
9.237913609,30.68825,23.91573,-20.03288,-1.004137,-0.0234516,-0.125171,35.50826,-20.20017,19.41257,1008.097
9.270470619,43.97818,18.08659,-11.77096,-0.9506181,-0.02600065,-0.159098,35.48856,-18.74013,20.23055,1008.097
9.305532456,-0.629222,15.23151,1.019712,-1.040191,-0.07139089,-0.1601874,35.48856,-18.74013,20.23055,1008.097
9.338089466,-31.33142,-1.423154,16.50316,-0.9420807,-0.179347,-0.1860979,35.11562,-18.00741,21.56473,1008.097
9.370646477,-12.56555,-1.958482,32.415,-0.9733006,-0.04712286,-0.1748664,34.74347,-17.64624,21.5633,1008.097
9.405707836,8.907533,-5.58682,29.72223,-1.087145,-0.004615377,-0.1233534,34.74347,-17.64624,21.5633,1008.097
9.438264847,38.56377,-0.05509228,20.84832,-1.072458,0.05619876,-0.2012302,34.38836,-18.37651,21.56972,1008.097
9.470822334,27.36577,-5.289415,-5.89582,-1.01208,-0.1215052,0.1440317,34.40704,-19.46536,22.02362,1008.097
9.505884171,102.0601,27.90095,-38.3927,-0.8203207,0.2184134,0.1171297,34.40704,-19.46536,22.02362,1008.099
9.538441181,158.1731,56.4518,-71.80757,-0.9618611,0.1140715,-0.1066789,33.67168,-19.10168,22.91553,1008.099
9.570998192,163.2799,53.89412,-69.2372,-1.110009,0.4306256,-0.03210021,34.3628,-15.80733,25.43864,1008.098
9.606059551,152.1435,25.75964,-25.96922,-1.216904,0.731437,0.3075724,34.3628,-15.80733,25.43864,1008.098
9.638616562,167.956,22.84507,56.89476,-1.051746,0.4858641,-0.041948,33.19504,-10.7042,28.46442,1008.098
9.671173572,253.6022,-0.4119779,123.0513,-1.134849,0.2954066,-0.07957661,32.38814,-5.545179,30.2141,1008.099
9.703730583,232.3753,-14.62792,148.5103,-1.041311,0.1635379,-0.09714679,32.38814,-5.545179,30.2141,1008.096
9.738792419,185.5529,-25.39397,146.1847,-1.06475,-0.3030876,-0.1530642,31.23354,-1.912429,30.63763,1008.094
9.771349907,156.3273,-47.93725,105.9767,-1.071863,-0.8378729,-0.0307045,31.92751,0.2679801,29.28137,1008.094
9.803906918,269.907,-20.21913,74.82618,-0.7062032,-1.249288,-0.6343045,31.92751,0.2679801,29.28137,1008.094
9.838967800,483.4688,13.98241,89.14684,-0.8376907,-0.4245247,-0.6887841,32.27064,1.352096,27.55178,1008.092
9.871525288,338.6947,-2.910177,71.39902,-1.128682,0.2127207,0.0578851,32.56568,5.715305,26.62712,1008.092
9.904082298,138.3613,-40.50213,9.036833,-1.045487,-0.08662316,0.3916017,32.56568,5.715305,26.62712,1008.092
9.939144135,-78.27688,-67.62544,-39.92268,-0.827342,-0.8504625,0.1245148,33.5427,12.61277,22.62302,1008.091
9.971701145,290.3957,-12.90297,-4.91663,-0.987892,-0.394208,-0.6258209,34.58874,15.51865,20.43193,1008.091
10.004258633,303.8087,3.216359,-9.93498,-0.9660978,0.631753,-0.7716374,34.58874,15.51865,20.43193,1008.092
10.039319515,289.5343,26.65185,24.64268,-0.8676928,1.698258,-1.062406,34.91827,16.95403,16.53309,1008.092
10.071876526,-330.3549,-80.2354,-30.25318,-1.757963,0.1570301,0.7696569,35.18773,22.02235,11.71601,1008.097
10.104434013,-233.5722,-79.75955,-28.662,-0.9986957,-1.247691,-0.5421562,35.18773,22.02235,11.71601,1008.097
10.139495850,103.6598,-27.05944,-4.488234,-0.8086672,0.06849948,-0.01374695,35.91723,22.76782,13.87504,1008.097
10.172052860,48.28511,-40.20473,-11.15897,-1.026748,0.09353158,-0.05134133,35.58158,20.57714,12.99975,1008.097
10.204609871,11.49169,-34.13767,-15.81012,-1.067377,0.177522,0.06502295,35.58158,20.57714,12.99975,1008.097
10.237166882,-63.57181,-39.78836,-24.50044,-0.9114681,-0.1274621,0.03315042,35.92067,22.02765,11.71363,1008.097
10.272228241,9.9535,-25.6319,-19.54329,-0.9602643,-0.1241065,0.01053,35.90847,22.38113,9.926731,1008.095
10.304785252,-15.8265,-23.84747,-21.74646,-1.029733,0.02047573,-0.02635067,35.90847,22.38113,9.926731,1008.095
10.337342262,3.493118,-18.37522,-21.01207,-0.9222219,-0.2225384,-0.03741261,35.90847,22.38113,9.926731,1008.097
10.372404099,58.86783,-7.787614,-17.34011,-1.019533,-0.05580564,-0.002388695,35.52169,23.46475,9.027943,1008.095
10.404961586,33.88768,-4.099796,-9.99618,-0.9512655,-0.2279917,0.009419785,35.52169,23.46475,9.027943,1008.095
10.437518597,83.66339,2.264664,1.876503,-0.9777261,-0.2213736,-0.02525684,35.13919,24.18234,7.749418,1008.093
10.472580433,54.3148,-3.623949,4.814074,-0.9550768,-0.04435636,0.1219516,35.12862,24.5384,6.408592,1008.091
10.505136967,4.16992,-3.861872,3.284089,-0.9785429,-0.04924773,0.06196091,35.12862,24.5384,6.408592,1008.091
10.537693977,6.631018,-6.24111,5.120071,-1.017144,-0.1278726,0.03421291,35.11991,24.89742,5.577562,1008.091
10.572755813,42.19389,-2.255887,10.13842,-1.001481,-0.2247299,0.003234118,35.49206,24.53625,5.578983,1008.09
10.605312824,68.52763,2.562069,12.0968,-0.9976578,-0.1713348,0.02869726,35.49206,24.53625,5.578983,1008.09
10.637870312,72.15775,-1.482635,12.158,-1.030703,-0.2084556,0.08085089,35.47278,25.25133,3.407126,1008.088
10.670427322,100.8296,2.799993,5.609666,-0.9602283,-0.1574096,0.06609359,35.4752,24.88235,2.517593,1008.088
10.705489159,131.1626,5.417154,4.20208,-0.9402863,-0.1661442,0.01373639,35.4752,24.88235,2.517593,1008.094
10.738046169,154.1739,14.3393,12.3416,-1.019159,-0.04845791,-0.013878,36.19453,25.23891,0.3459692,1008.094
10.770603180,158.8499,8.27224,19.93032,-0.9751226,0.0105914,-0.04733938,36.9236,24.86527,-2.266504,1008.096
10.805664539,135.7156,1.729336,20.54232,-0.9734234,-0.1161713,0.04450015,36.56626,23.75864,-4.424117,1008.096
10.838221550,140.7609,5.714559,23.41869,-1.012434,-0.1692601,0.1703726,36.56626,23.75864,-4.424117,1008.096
10.870778561,139.2842,3.989611,26.17266,-0.9388178,-0.3280455,0.2428024,36.92722,23.37976,-7.481474,1008.096
10.905840397,166.787,3.454283,24.09188,-0.9070555,-0.5415832,0.2656163,38.77843,21.55882,-10.08707,1008.096
10.938397884,228.376,16.95646,21.33791,-0.9369258,-0.4656791,0.1619104,38.77843,21.55882,-10.08707,1008.094
10.970954895,265.5386,20.82272,12.5252,-1.079657,-0.7415318,0.02926143,38.79425,19.71984,-13.51514,1008.096
11.006015778,353.5844,4.108573,3.16169,-1.021628,-0.9594876,-0.1819718,40.28546,17.16087,-17.45254,1008.096
11.038573265,438.4307,-0.1145732,8.118841,-1.131997,-1.324745,-0.6519629,40.28546,17.16087,-17.45254,1008.096
11.071130276,724.1642,-31.52051,42.08451,-1.335882,-0.5463963,-0.8593444,41.0691,12.77276,-22.20293,1008.094
11.106192112,706.0751,-67.92284,84.98528,-1.18428,0.2142559,-0.9663134,41.22268,2.204533,-25.18598,1008.092
11.138749123,653.8383,-98.25813,106.1603,-1.005454,0.4876124,-0.8226196,41.22268,2.204533,-25.18598,1008.094
11.171306133,388.8396,-52.1604,49.48964,-0.8978778,0.2387161,-1.034856,39.34017,-16.38574,-18.03555,1008.094
11.203863621,-88.42891,-49.0079,-85.14904,0.06878688,-1.385843,-1.827693,35.18582,-29.8261,-8.875781,1008.094
11.238924503,672.4196,-27.71373,-17.21771,-1.650951,0.5355535,-0.07493132,35.18582,-29.8261,-8.875781,1008.094
11.271481991,-123.5611,0.7776408,-41.39147,-2.015662,1.658217,-0.6810076,34.86298,-31.99648,-6.246219,1008.094
11.304039002,-141.281,-9.572042,-30.86517,-0.04290662,-0.1900613,-0.3809634,35.99208,-32.31435,0.3164568,1008.094
11.339100838,84.83241,53.9536,-10.91417,-0.9453562,0.2778251,0.05386765,35.99208,-32.31435,0.3164568,1008.096
11.371657848,-82.15311,12.1385,-25.90802,-1.346126,-0.1344185,0.1025867,37.04948,-30.13609,-1.869412,1008.096
11.404214859,-5.797528,-5.110972,-25.78562,-1.076785,-0.6844409,-0.118267,37.42326,-30.49467,-1.421917,1008.096
11.439276219,149.6208,20.04947,-10.11858,-0.6582939,0.05594189,0.07872467,37.42326,-30.49467,-1.421917,1008.097
11.471833229,85.017,7.201582,-12.01576,-0.8667544,0.163068,0.1840029,38.88408,-29.7465,0.2886686,1008.097
11.504390240,64.22071,-27.11892,-28.7844,-0.5280038,0.02632928,0.4421299,38.88631,-29.37014,2.452693,1008.097
11.539452076,43.48597,30.69655,-17.40131,-0.4469352,-0.0986089,-0.06304974,38.88631,-29.37014,2.452693,1008.097
11.572009563,-82.15311,30.75604,-7.915401,-3.055045,-0.2689968,-0.527657,39.61116,-28.63206,3.337236,1008.097
11.604566574,3.92381,-100.5779,-38.2091,0.3553854,0.1722028,0.7132271,40.33008,-27.53054,4.155445,1008.097
11.637123585,-176.044,176.3059,-18.74769,-1.174689,-0.2652172,-1.518887,40.33008,-27.53054,4.155445,1008.097
11.672185421,-26.65534,-149.3522,-23.64365,-1.392972,-0.3111315,-0.1799393,40.30511,-26.45165,1.980976,1008.097
11.704742432,35.4874,23.32092,21.33791,-0.262772,-0.1780271,0.1859501,41.40471,-27.18904,-1.076146,1008.097
11.737298965,-34.77696,-19.44588,3.22289,-1.269452,0.2109647,0.04059262,41.40471,-27.18904,-1.076146,1008.097
11.772360802,-24.93257,-17.30457,11.72961,-1.063086,-0.4498175,-0.3708905,41.40899,-27.55507,-1.455882,1008.099
11.804917812,52.28439,-23.60954,17.66595,-0.8908217,0.1916162,0.03703171,41.03194,-27.20165,-2.795521,1008.099
11.837475300,-44.19066,-18.49418,0.04052119,-1.08479,0.06161647,-0.0396878,41.03194,-27.20165,-2.795521,1008.097
11.872537136,-35.51529,-20.27861,0.1017206,-0.9320077,-0.1698422,-0.004212958,40.67521,-27.9345,-3.235182,1008.097
11.905094147,23.92023,-9.572042,8.914433,-0.9473007,-0.01336802,0.0634449,40.29839,-27.58072,-4.511095,1008.097
11.937651157,-14.34985,-3.148101,0.7749139,-1.020595,0.0431594,0.03440868,40.29839,-27.58072,-4.511095,1008.097
11.972712517,-19.02593,-2.791216,-2.285056,-1.014841,-0.04352849,-0.01670723,40.30244,-27.94711,-4.954556,1008.097
12.005269527,4.108392,-1.601597,2.733294,-0.9793312,0.09238649,0.01530144,40.31381,-28.67474,-4.949334,1008.099
12.037826538,-15.58039,4.227535,0.3465182,-0.9805204,-0.02311582,-0.02512971,40.31381,-28.67474,-4.949334,1008.099
12.072888374,3.800755,4.703383,5.976862,-1.018066,-0.0994984,-0.008857225,40.31218,-28.67732,-5.395406,1008.099
12.105445862,2.816316,7.261063,8.241241,-0.9936668,-0.02043554,-0.0110582,39.93839,-28.31874,-5.8429,1008.097
12.138002872,9.276698,12.07902,9.281631,-1.002242,-0.09551168,-0.09146911,39.93839,-28.31874,-5.8429,1008.097
12.170559883,18.87498,14.45826,9.771225,-1.013463,-0.005364824,-0.06833102,40.31381,-28.67474,-4.949334,1008.097
12.205621243,6.938655,17.78919,7.384449,-1.018612,0.02171666,-0.05341158,39.952,-28.67,-3.673654,1008.097
12.238178253,-8.566265,18.02711,5.181271,-1.003385,-0.02440585,-0.02077693,39.952,-28.67,-3.673654,1008.097
12.270735264,-17.05705,17.25386,4.569276,-1.075359,-0.03598068,-0.03296847,39.6042,-29.7615,-3.21856,1008.096
12.305797100,-12.19638,17.37282,6.711256,-1.02071,-0.05211809,-0.06807055,39.59852,-29.39769,-3.221171,1008.097
12.338354111,-1.982826,16.95646,9.771225,-1.02331,-0.03425032,-0.05039388,39.59852,-29.39769,-3.221171,1008.097
12.370911598,-13.54999,12.97123,7.751645,-1.033012,-0.07862118,-0.04671106,39.60909,-29.75375,-1.880344,1008.097
12.405972481,-9.550704,8.688606,1.754104,-1.084302,-0.1165115,-0.09074353,38.88183,-30.12285,-1.875356,1008.097
12.438529968,-1.059914,8.748088,-8.404996,-1.053874,-0.1840327,-0.1179054,38.88183,-30.12285,-1.875356,1008.096
12.471086979,18.0136,12.01954,-15.44293,-1.095918,-0.09021404,-0.1352852,38.52104,-30.48931,-1.871556,1008.096
12.506148815,37.02558,9.818745,-15.68772,-1.040952,0.08493731,-0.1254154,38.51131,-29.75911,-1.430705,1008.096
12.538705826,46.50081,7.915354,-5.406225,-1.069496,0.2879837,-0.07685267,38.51131,-29.75911,-1.430705,1008.096
12.571262836,30.07298,-9.869447,-1.611863,-0.9337465,0.3550562,-0.009254413,38.50056,-28.65771,0.2820244,1008.096
12.603820324,5.154359,-7.549691,-0.9998686,-0.7934084,0.2265543,0.007984735,38.13735,-28.65519,1.175357,1008.096
12.638881683,-31.76212,-6.003186,-5.100228,-0.8624096,0.07668802,-0.04450627,38.13735,-28.65519,1.175357,1008.096
12.671439171,-34.46932,-21.05186,-5.161427,-0.7672153,-0.02846321,-0.05441979,38.49385,-27.92271,1.551293,1008.096
12.703996181,-24.07118,-11.53491,7.690446,-0.7810664,-0.02396455,-0.1210438,38.13735,-28.65519,1.175357,1008.096
12.739057541,-28.50116,-13.25986,5.487267,-0.8246812,-0.04965166,-0.1547466,38.13735,-28.65519,1.175357,1008.096
12.771614551,-34.34627,-11.41595,4.936473,-0.7370005,-0.1350154,-0.1556502,37.76435,-28.66817,-0.6077423,1008.096
12.804171562,-2.659628,-1.661078,13.44319,-0.8335678,-0.1279089,-0.1781673,37.03407,-29.04207,-1.431172,1008.096
12.839233398,22.5051,3.097397,32.9046,-1.094684,0.08555418,0.01144152,37.76942,-29.40576,-2.323083,1008.1
12.871790409,-32.37739,4.465459,19.74673,-1.410136,0.1045276,-0.04161937,37.76942,-29.40576,-2.323083,1008.098
12.904347897,-27.45519,-17.06664,1.937703,-1.124167,-0.08724249,-0.121678,38.15294,-30.49454,-2.316439,1008.096
12.939408779,-42.52942,-0.293016,-0.3266752,-1.055269,-0.3343005,-0.2086545,37.06568,-31.60166,-3.643255,1008.096
12.971965790,-12.19638,-7.787614,11.54601,-0.9950677,-0.04196667,-0.08920901,37.06568,-31.60166,-3.643255,1008.095
13.004523277,2.447151,0.7181599,12.0356,-0.9266139,0.1588387,-0.01805538,37.78991,-31.23735,-4.476663,1008.095
13.037080288,12.59918,6.606773,10.62802,-0.9223618,0.1705489,-0.01594733,37.78991,-31.23735,-4.476663,1008.095
13.072142124,19.92095,7.439506,11.36241,-0.9091938,0.1241283,-0.0302028,36.69292,-31.61427,-5.362629,1008.095
13.104699135,9.276698,3.692207,10.38322,-0.9261197,0.1151311,-0.02403983,35.96892,-31.97821,-4.465497,1008.095
13.137256622,-2.290463,-0.1740542,8.608437,-0.9387251,0.1552369,-0.008914485,35.97623,-32.33944,-4.016814,1008.095
13.172317505,-23.2098,-4.040315,4.814074,-0.9486744,0.1255861,-0.03642635,35.97623,-32.33944,-4.016814,1008.095
13.204874516,-23.51744,-5.289415,1.876503,-0.9449762,0.05524214,-0.05393792,35.98596,-33.06964,-4.457664,1008.095
13.237432003,-16.50331,-6.181629,2.060101,-0.9680828,0.02971842,-0.06493931,35.98191,-32.70325,-4.014203,1008.093
13.272493839,-4.382397,-3.386025,1.20331,-1.022601,0.02754512,-0.06395309,35.98191,-32.70325,-4.014203,1008.093
13.305050850,0.4782723,-3.802392,-1.917859,-1.069183,0.00998806,-0.07722717,36.34754,-33.07474,-5.797068,1008.095
13.337607861,-2.351991,-4.278239,-4.304636,-1.10083,0.007189734,-0.08690685,36.34754,-33.07474,-5.797068,1008.093
13.372669220,-2.721155,-2.850697,-4.121038,-1.082807,0.004559768,-0.09808204,36.34754,-33.07474,-5.797068,1008.099
13.405226231,0.7243821,-0.7688636,-1.061068,-1.043546,0.02110031,-0.09593407,36.34451,-33.07954,-6.625487,1008.097
13.437783241,6.569491,3.87065,2.549696,-0.9943003,0.06152001,-0.07941351,36.34591,-33.07732,-6.24314,1008.097
13.472845078,7.369348,6.725735,4.875274,-0.9641232,0.1099196,-0.05550215,36.34591,-33.07732,-6.24314,1008.097
13.505402088,2.447151,7.915354,4.079681,-0.9398732,0.1227806,-0.03551089,36.33618,-32.34712,-5.80229,1008.099
13.537959576,-3.521012,7.320544,2.672095,-0.9461609,0.1202421,-0.02974303,36.35323,-33.43855,-5.794457,1008.099
13.570516586,-8.996957,4.762864,-0.02067821,-0.9677931,0.09518819,-0.03300464,36.35323,-33.43855,-5.794457,1008.099
13.605578422,-12.38097,3.751688,-2.162657,-1.001463,0.05308081,-0.06116703,36.35485,-33.43597,-5.348385,1008.101
13.638135433,-7.889462,2.145702,-2.223857,-1.02118,0.02763669,-0.0799045,36.34754,-33.07474,-5.797068,1008.101
13.670692444,0.847437,2.145702,-1.428264,-1.006194,0.03564325,-0.08753084,36.34754,-33.07474,-5.797068,1008.101
13.705753803,7.123238,1.610374,0.4077176,-0.9851546,0.07039581,-0.08122043,36.3502,-33.44335,-6.622876,1008.101
13.738310814,10.01503,-0.352497,1.754104,-0.962922,0.08668774,-0.07325931,36.34591,-33.07732,-6.24314,1008.101
13.770868301,9.522808,-2.255887,2.610896,-0.948153,0.1188711,-0.05441424,36.34591,-33.07732,-6.24314,1008.101
13.805929661,3.247008,-2.136925,1.264509,-0.9579805,0.1269913,-0.05138061,36.70996,-32.7057,-5.354796,1008.101
13.838487148,-4.997671,-2.969658,-0.08187761,-0.9757023,0.1010098,-0.05321002,35.9827,-33.07481,-5.349807,1008.099
13.871044159,-9.550704,-2.43433,-0.08187761,-0.9885485,0.07222688,-0.06620454,35.9827,-33.07481,-5.349807,1008.099
13.906105518,-8.012518,-1.958482,0.7749139,-0.9974076,0.04047379,-0.05604614,37.08537,-33.0617,-4.46123,1008.097
13.938662529,-0.5061671,-0.4714589,1.14211,-0.9949338,0.03662925,-0.05852406,35.99406,-33.80243,-5.344585,1008.097
13.971219540,5.215887,0.4207552,1.631706,-0.9917925,0.06094278,-0.05235564,35.99406,-33.80243,-5.344585,1008.097
14.003776550,5.400469,-0.1740542,0.7137145,-0.9847272,0.08192553,-0.05059221,35.97376,-32.71616,-6.244563,1008.097
14.038838387,1.770349,-0.2335351,-0.02067821,-0.9902103,0.0906482,-0.06060475,35.98838,-33.43862,-5.347196,1008.097
14.071395874,0.170635,-1.125749,-0.6326722,-0.9786722,0.1024866,-0.06575242,35.98838,-33.43862,-5.347196,1008.097
14.103952885,-1.059914,-0.352497,-0.9386692,-0.983822,0.08349046,-0.0713544,36.34917,-33.07216,-5.350996,1008.097
14.139013767,-1.306024,-0.2335351,-0.449074,-0.989066,0.07465447,-0.06713376,36.35485,-33.43597,-5.348385,1008.097
14.171571255,-0.8753318,0.5397171,-0.08187761,-0.9992492,0.07063825,-0.06815196,36.35485,-33.43597,-5.348385,1008.097
14.204128265,0.2321624,0.6586789,0.1017206,-0.9909909,0.07316035,-0.06473781,36.35485,-33.43597,-5.348385,1008.097
14.239190102,-0.01394739,1.015565,0.16292,-0.9784109,0.08108241,-0.06076208,36.71806,-33.43849,-6.241718,1008.097
14.271747112,-0.4446396,0.8371218,0.4077176,-0.9769348,0.08059798,-0.05690388,36.71806,-33.43849,-6.241718,1008.101
14.304304123,-0.3215847,0.7776408,0.2241194,-0.9798786,0.08155146,-0.06123688,35.97944,-33.07997,-6.241951,1008.102
14.339365959,-1.121442,0.7776408,0.1017206,-0.9837178,0.07664157,-0.06130809,36.35159,-33.44114,-6.240529,1008.102
14.371923447,-1.675189,0.3017934,-0.08187761,-0.9900455,0.07512768,-0.0671256,36.35159,-33.44114,-6.240529,1008.102
14.404480457,-1.982826,0.8966027,0.1017206,-0.9938964,0.06928772,-0.07639514,36.71401,-33.0721,-5.798257,1008.104
14.439541340,-0.5061671,1.907779,0.468917,-0.9948698,0.06974994,-0.07397026,36.34917,-33.07216,-5.350996,1008.104
14.472098827,0.7243821,1.96726,0.8973127,-0.981399,0.08544606,-0.06697652,36.34917,-33.07216,-5.350996,1008.106
14.504655838,0.4167448,1.848298,0.5913157,-0.9775068,0.08740533,-0.05921635,35.97944,-33.07997,-6.241951,1008.106
14.537212849,0.170635,1.015565,0.3465182,-0.9678021,0.09139983,-0.05481439,37.08617,-33.43326,-5.796834,1008.106
14.572274685,0.4782723,-0.4119779,0.16292,-0.9638574,0.08803168,-0.05100257,37.08617,-33.43326,-5.796834,1008.106
14.604832172,1.032019,-1.006787,-0.5714728,-0.9778173,0.07280853,-0.05653848,36.34754,-33.07474,-5.797068,1008.104
14.637389183,0.1091075,-1.899001,-1.244666,-0.9992144,0.06581871,-0.07692631,36.71806,-33.43849,-6.241718,1008.104
14.672450066,1.708821,-1.83952,-0.6326722,-0.997833,0.07216557,-0.07924769,36.71806,-33.43849,-6.241718,1008.104
14.705007553,1.524239,-0.4119779,-0.143077,-0.9940019,0.07899272,-0.07334671,36.34754,-33.07474,-5.797068,1008.104
14.737564564,-0.3831121,1.253488,-0.02067821,-0.9939826,0.0775306,-0.07240228,35.99406,-33.80243,-5.344585,1008.104
14.772626400,1.708821,0.6586789,0.04052119,-1.007282,0.09380755,-0.05618967,35.99406,-33.80243,-5.344585,1008.104
14.805183411,1.278129,-3.326544,-4.182237,-1.055855,0.1314207,-0.02366609,36.34023,-32.71352,-6.245751,1008.104
14.837740421,-15.70345,-11.71336,-11.46497,-1.033972,0.05297494,0.1878018,36.34186,-32.71093,-5.799679,1008.104
14.872802258,-1.859771,-27.05944,-23.58245,-0.9728705,-0.2431074,0.06479836,36.71564,-33.06952,-5.352185,1008.108
14.905359745,59.4831,-29.6766,-0.755071,-0.7753807,-0.3565606,-0.1759113,36.71564,-33.06952,-5.352185,1008.107
14.937916756,156.0812,-2.612773,19.01233,-0.950863,0.1378352,-0.2764756,36.3372,-32.71831,-7.074171,1008.105
14.970473766,107.8437,1.312969,26.41746,-0.9212208,0.4186129,-0.1615273,36.3372,-32.71831,-7.074171,1008.105
15.005535126,51.36148,9.699782,11.11761,-0.9103971,0.2651494,-0.0502855,36.36278,-33.42342,-3.18175,1008.103
15.038092136,18.6904,5.536116,3.651285,-0.8993108,0.1491441,-0.05206602,36.00991,-33.77734,-1.011314,1008.103
15.070649147,-11.335,0.1233505,-0.6326722,-0.8896995,0.0787488,-0.04154823,35.28754,-34.13869,0.3318901,1008.103
15.105710983,-2.721155,1.729336,-1.428264,-0.9380683,0.08269554,-0.085912,35.28754,-34.13869,0.3318901,1008.102
15.138267994,-0.1985298,-3.445506,2.610896,-0.9619462,0.1494223,0.02727248,36.01885,-34.13598,-0.116559,1008.103
15.170825481,15.67555,-13.02194,2.488497,-1.105937,-0.151969,0.05519957,34.92107,-34.14134,0.3330784,1008.105
15.205886364,84.95547,-14.03311,9.404029,-1.070039,0.08574594,-0.06640302,34.92107,-34.14134,0.3330784,1008.105
15.238443852,-10.22751,-15.22273,-3.386645,-0.9816895,0.0252092,-0.07417914,35.64833,-33.77224,0.3280897,1008.105
15.271000862,-21.36398,-14.74688,-6.93621,-0.6791423,-0.05758068,-0.02546303,35.28754,-34.13869,0.3318901,1008.105
15.306062698,88.40101,52.05021,49.73443,-2.137738,0.968778,0.09117894,35.28754,-34.13869,0.3318901,1008.103
15.338619709,-94.15096,-50.37597,4.691675,-0.7628622,-0.199295,0.116502,35.64996,-33.76965,0.7741613,1008.102
15.371176720,-34.10016,0.3017934,3.651285,-0.937529,0.02326565,0.05142657,36.01419,-34.14336,-1.39105,1008.102
15.403734207,-5.736001,0.4802361,5.548467,-0.9276809,0.1704109,-0.0009596148,36.01419,-34.14336,-1.39105,1008.103
15.438795090,1.401184,-0.8878255,-0.9386692,-1.015174,0.06398223,-0.0397189,35.62984,-33.42872,-3.179373,1008.103
15.471352100,17.5829,-1.958482,-4.059838,-1.065095,0.1322279,-0.01397732,35.6412,-34.15634,-3.17415,1008.107
15.503909588,6.8156,-4.99201,-9.322987,-0.9713922,0.2081008,0.02866019,35.6412,-34.15634,-3.17415,1008.106
15.538971424,-8.44321,-4.456682,-13.60694,-0.9630278,0.1111373,0.0001037084,35.6331,-33.42355,-2.287229,1008.104
15.571528435,9.338225,-1.958482,-16.48332,-0.9932467,0.02862542,-0.004026216,36.00525,-33.78472,-2.285806,1008.104
15.604085445,20.35164,-0.4119779,-14.76973,-1.009324,0.1191617,0.02637316,36.00525,-33.78472,-2.285806,1008.102
15.639147282,8.046148,0.7181599,-18.3193,-0.9812717,0.09092095,0.01141393,37.08598,-32.68793,-2.743278,1008.104
15.671704292,13.52209,2.264664,-18.93129,-0.9700897,0.04930103,0.004484273,37.09898,-33.41297,-2.291984,1008.102
15.704261780,17.52138,4.762864,-20.09408,-0.9940193,0.05577504,0.008473155,37.09898,-33.41297,-2.291984,1008.104
15.739322662,5.831161,4.465459,-18.93129,-1.002532,0.03807791,0.02802983,37.44598,-31.94991,-1.411472,1008.104
15.771879673,3.062426,7.320544,-19.84928,-0.9605462,-0.02001914,-0.007700179,37.80677,-31.58345,-1.415273,1008.104
15.804437160,12.90682,8.27224,-19.35969,-0.9920245,0.01058695,0.01164884,37.80677,-31.58345,-1.415273,1008.104
15.839498997,21.21303,7.617949,-19.29849,-0.9958019,-0.0106065,-0.04087555,38.89623,-30.84568,-1.041714,1008.104
15.872056007,29.4577,5.595597,-19.66568,-0.9956041,-0.04663872,-0.1318169,39.2546,-30.11024,-0.1559811,1008.104
15.904613018,37.57933,1.312969,-16.66691,-1.006098,0.001278222,-0.01216506,39.2546,-30.11024,-0.1559811,1008.104
15.937170506,20.4747,1.848298,-16.54452,-0.9890431,-0.07878835,0.008832288,39.62433,-30.10243,0.7349739,1008.108
15.972231388,29.82687,9.640302,-10.66937,-0.9909375,-0.04852718,-0.02454059,40.34325,-29.00091,1.553183,1008.11
16.004788399,9.891973,2.740512,-7.854201,-0.9843915,-0.06786342,-0.02870892,40.34325,-29.00091,1.553183,1008.112
16.037345886,-1.736716,-0.6499017,-6.87501,-1.018588,-0.02725883,-0.07784425,40.71299,-28.9931,2.444139,1008.112
16.072407722,-8.504737,-14.03311,-8.343796,-0.979076,-0.03162776,-0.0726319,40.71299,-28.9931,2.444139,1008.112
16.104964733,-29.85476,-16.05547,-5.773422,-1.001252,-0.08078523,-0.01438848,40.71299,-28.9931,2.444139,1008.112
16.137521744,2.262569,-21.23031,-4.977829,-0.9964895,-0.06102582,0.03569619,40.70264,-28.63666,1.167036,1008.112
16.172583580,-2.659628,-22.12252,-1.795461,-0.9983301,-0.0821741,-0.02117977,40.32723,-28.28067,0.273469,1008.112
16.205140591,-12.50402,-25.57241,0.6525151,-1.016643,-0.1692144,0.04228248,40.32723,-28.28067,0.273469,1008.112
16.237698078,14.75264,-19.26744,3.22289,-0.9490607,-0.1116015,0.07113208,41.42338,-28.27789,-0.622241,1008.112
16.272758961,20.90539,-17.48301,4.140881,-1.017498,-0.1101029,-0.02642113,41.0496,-27.91931,-1.069736,1008.112
16.305315971,7.923094,-20.6355,9.832424,-0.9893709,-0.07575594,0.08863605,41.0496,-27.91931,-1.069736,1008.112
16.337873459,6.938655,-19.02951,11.60721,-1.004313,-0.141812,0.03688812,41.7925,-28.64385,-1.449238,1008.112
16.370430470,26.93508,-18.4347,16.80916,-1.016215,-0.1206437,0.05027374,41.05793,-28.65173,-1.892933,1008.112
16.405492306,37.27169,-20.39757,18.27794,-1.041317,-0.0121508,0.06065395,41.05793,-28.65173,-1.892933,1008.11
16.438049317,27.18119,-24.50176,18.15554,-0.9823797,-0.0104612,0.07174052,40.3323,-29.01825,-1.441872,1008.11
16.470606327,19.24415,-24.56124,15.21797,-0.9199642,0.006839738,0.1860212,39.98124,-30.11491,-1.878922,1008.11
16.505667687,7.80004,-18.79159,11.17881,-0.9360936,0.008167041,0.1686554,39.98124,-30.11491,-1.878922,1008.112
16.538224697,16.84458,-19.08899,11.72961,-0.9622752,-0.01473667,0.1074258,39.98529,-30.48131,-2.322383,1008.112
16.570782185,-0.6907494,-21.46823,12.0968,-0.9794879,0.01864376,0.1983431,38.88751,-30.48666,-1.872745,1008.11
16.605843544,11.79932,-23.66903,15.58517,-0.9762384,-0.0703252,0.1075579,38.88751,-30.48666,-1.872745,1008.11
16.638401031,20.72081,-28.66542,21.52151,-1.048567,0.0009726224,0.1459355,38.87694,-30.1306,-3.213572,1008.11
16.670958042,6.754073,-33.72131,24.15308,-1.071931,0.003981291,0.165339,38.15862,-30.85835,-2.313828,1008.108
16.706019878,28.16563,-35.98158,29.84463,-1.00086,0.03343149,0.09224644,38.15862,-30.85835,-2.313828,1008.106
16.738576889,34.62601,-33.1265,38.65734,-1.070125,0.1800191,0.1486879,37.4348,-31.96762,-4.470252,1008.106
16.771134376,7.492403,-37.82549,40.67692,-1.159991,0.1057317,0.08915268,36.71486,-32.69796,-4.01658,1008.106
16.803691387,-9.981397,-42.1676,54.26319,-1.258514,0.03256134,0.07943068,36.71486,-32.69796,-4.01658,1008.106
16.838752270,16.29083,-52.39832,71.94981,-1.215995,-0.01045126,-0.06482949,35.2717,-34.16378,-4.00138,1008.106
16.871309757,37.39474,-62.09372,94.28759,-1.37598,-0.1070574,-0.2261467,33.08665,-35.27626,-4.878559,1008.106
16.903866768,100.768,-73.21665,108.6694,-1.420957,-0.466965,-0.6168454,33.08665,-35.27626,-4.878559,1008.106
16.938928604,101.7525,-63.28333,98.81635,-1.030612,0.04169382,0.1136698,30.91703,-37.48276,-6.193975,1008.106
16.971485615,-21.17939,-50.97078,94.28759,-1.03252,-0.01917281,0.2393878,26.93214,-40.04821,-4.378333,1008.106
17.004042625,22.44357,-61.37994,102.1823,-1.32714,0.5679049,0.2563628,26.93214,-40.04821,-4.378333,1008.105
17.039103985,118.5495,-57.4542,-30.86517,-0.6603091,-0.6431178,0.1096319,23.29928,-42.6339,-6.514803,1008.105
17.071660996,111.1662,-17.36405,-55.22253,-0.2794273,-0.4892548,-0.1411944,17.8241,-44.50299,-8.268204,1008.103
17.104218006,133.7467,61.4482,-46.96062,-0.6041964,0.1162664,-0.4168352,18.54551,-43.02474,-5.222247,1008.099
17.139279842,115.227,83.63458,-103.5701,-0.6650328,0.2304021,-0.2545541,18.54551,-43.02474,-5.222247,1008.099
17.171837330,101.4448,106.5347,-145.7364,-0.825792,0.213266,-0.154118,20.38397,-42.25621,-0.454071,1008.102
17.204394341,71.66553,114.3862,-184.1697,-1.058904,0.3463137,-0.04842051,23.63984,-38.5714,3.460042,1008.1
17.239456177,-8.93543,105.5236,-217.2785,-1.059989,0.5289161,-0.0209814,23.63984,-38.5714,3.460042,1008.098
17.272013187,-61.72599,122.3567,-221.6849,-1.107819,0.2202113,-0.1387551,27.98618,-34.52002,6.475834,1008.097
17.304570198,-17.18011,140.5578,-223.3985,-1.288802,-0.02372287,-0.0272583,33.04454,-29.75084,6.871319,1008.097
17.337127686,51.23843,144.4241,-217.0949,-1.618348,0.03449357,0.118961,33.04454,-29.75084,6.871319,1008.091
17.372188568,99.47594,105.8805,-186.128,-1.799931,0.4120848,0.3545009,37.73687,-23.8652,12.0395,1008.093
17.404746056,70.98873,52.82346,-134.1086,-1.525985,0.9485278,0.4175256,41.66356,-15.79978,17.57674,1008.092
17.437303066,7.984622,12.43591,-62.68886,-1.27156,1.116164,0.3014103,41.66356,-15.79978,17.57674,1008.09
17.472364903,-63.01806,-28.54646,21.70511,-1.188127,0.9051557,0.5557504,43.37806,-7.398602,21.01559,1008.09
17.504921913,-145.7725,-59.35759,61.11752,-1.062662,0.04433187,-0.2352571,43.33408,-4.796457,20.10474,1008.092
17.537478924,158.1731,-257.1912,137.7392,-2.981328,-1.551035,-1.182928,43.33408,-4.796457,20.10474,1008.092
17.572540283,-204.162,-26.881,46.49086,-0.4563027,0.6173965,0.3123491,44.09819,-7.413603,17.50836,1008.092
17.605097294,-67.94026,-64.88932,71.21542,-1.036572,-0.1748827,-0.3686551,44.12374,-9.982787,13.63944,1008.09
17.637654304,52.03828,-75.53641,36.20937,-0.8885014,-0.08207185,0.4814277,44.12374,-9.982787,13.63944,1008.09
17.672716141,21.8283,-25.09657,53.3452,-0.9475591,-0.2205167,-0.2326415,44.54394,-14.36875,9.718666,1008.092
17.705273628,45.27026,-30.27141,37.98415,-1.149607,0.02519905,-0.231598,44.18986,-15.47021,8.453197,1008.092
17.737830639,-11.70417,-41.69175,21.33791,-0.9943526,0.04882971,0.03833688,44.18986,-15.47021,8.453197,1008.092
17.770387649,-53.912,-37.94445,20.17512,-0.8332523,-0.1973381,0.01944108,44.21337,-17.29701,7.128036,1008.092
17.805449486,-44.55983,-30.74726,22.9291,-0.9428573,-0.1179459,-0.01162814,43.85197,-18.03724,5.413883,1008.093
17.838006496,-7.766407,-19.32692,22.2559,-1.105301,-0.1532407,-0.08983349,43.85197,-18.03724,5.413883,1008.093
17.870563984,34.74907,-20.51653,17.05395,-0.991699,-0.02092242,-0.005267007,43.49197,-18.77526,4.082079,1008.093
17.905624866,-15.08817,-25.86982,20.23632,-0.9291043,-0.07047891,0.06303941,43.50435,-19.87407,2.815422,1008.092
17.938181877,-17.91844,-26.28619,24.39788,-0.9983735,-0.1153321,0.002483245,43.50435,-19.87407,2.815422,1008.092
17.970739365,-17.36469,-29.91452,30.45662,-1.02056,-0.0979955,-0.02575008,43.14598,-20.6095,1.929688,1008.09
18.005801201,-8.44321,-35.74366,39.63653,-0.9984394,-0.1028458,0.03506005,42.78621,-21.34715,0.6616077,1008.09
18.038358212,-9.427649,-38.06341,47.53125,-1.054875,-0.0594967,0.06622861,42.78621,-21.34715,0.6616077,1008.09
18.070915222,-3.274902,-40.68057,51.57041,-1.073801,0.05031214,0.01910111,42.43757,-22.81279,-0.6649742,1008.09
18.105976582,-5.859056,-45.97438,64.05508,-1.04918,-0.01116849,0.03602431,40.6176,-23.92484,-1.925689,1008.09
18.138534069,-29.97782,-58.64382,78.62054,-1.156213,-0.04883015,0.1017757,40.6176,-23.92484,-1.925689,1008.088
18.171091557,-0.1370023,-55.07496,99.30594,-1.308593,0.006083576,-0.01228316,39.53868,-25.76438,-4.075701,1008.088
18.206152439,30.19603,-78.92682,117.8494,-1.649935,-0.1014746,-0.102536,37.75093,-29.06224,-5.830545,1008.093
18.238709927,99.35289,-84.57751,112.5862,-1.359488,0.1155849,-0.1894129,37.75093,-29.06224,-5.830545,1008.093
18.271266937,109.8741,-71.72963,102.8555,-1.245356,0.350873,-0.1951175,34.85427,-31.63747,-7.077249,1008.091
18.303823948,-11.45806,-76.1907,81.80291,-0.7995514,0.5572984,0.4659607,30.51242,-34.93615,-5.764992,1008.093
18.338885784,-178.9973,-36.87379,3.712485,-0.2006063,-0.8292656,-0.5974483,30.51242,-34.93615,-5.764992,1008.093
18.371442795,86.92435,11.48421,-12.13816,-0.4235717,-0.2084617,0.006308152,27.25008,-37.88558,-8.346111,1008.091
18.404000282,25.95064,48.77876,-45.73663,-0.4289351,0.1187339,-0.03219877,26.13301,-37.17587,-10.06833,1008.089
18.439061165,65.32821,99.33755,-75.35714,-0.3251095,-0.1190634,-0.1316355,26.13301,-37.17587,-10.06833,1008.089
18.471618176,96.39957,136.2157,-112.138,-0.4910547,0.05100877,-0.06604167,27.60845,-37.15015,-7.460379,1008.087
18.504175663,31.67269,161.0788,-174.0718,-0.6436026,0.3827024,-0.1260899,30.1752,-36.38371,-3.969071,1008.087
18.539237499,-98.70399,175.1758,-229.8244,-1.361516,0.162959,0.6035665,30.1752,-36.38371,-3.969071,1008.087
18.571794510,116.8267,123.9032,-96.89933,-4.104304,0.8559724,2.357427,35.28512,-33.76971,1.221423,1008.087
18.604351520,-538.1946,-129.9615,12.2192,-0.3544736,2.393705,0.6201928,42.15923,-26.77677,6.37464,1008.087
18.639413357,-253.8147,195.1613,-10.24098,0.2016135,-0.8492355,-0.7165685,42.15923,-26.77677,6.37464,1008.087
18.671970367,148.1442,-0.05509228,-8.098999,-1.157101,-0.04429872,-0.04123389,43.92257,-22.77195,4.555685,1008.087
18.704527855,-117.839,2.324145,-21.68526,-1.768452,0.1538267,-0.1526648,44.31339,-24.22196,5.011013,1008.087
18.737084866,8.046148,-14.27104,-20.58368,-0.5832668,-0.2319884,-0.08670499,44.31339,-24.22196,5.011013,1008.093
18.772146225,-9.981397,6.725735,-6.630213,-0.8883596,0.1716222,-0.04738327,44.66119,-23.13046,4.555918,1008.095
18.804703236,23.85871,5.655078,-1.979059,-1.095095,-0.2908323,-0.1562316,45.01061,-22.03638,4.546896,1008.093
18.837260246,53.33036,-2.017963,-3.570243,-1.087658,0.2723738,-0.009883913,45.01061,-22.03638,4.546896,1008.093
18.872322082,-37.36111,-4.397201,-4.855431,-0.8917446,-0.1077924,-0.1729704,45.01061,-22.03638,4.546896,1008.093
18.904879093,29.15007,-1.423154,-0.08187761,-1.015674,0.02458011,-0.03355227,45.01387,-22.03122,5.439039,1008.093
18.937436581,-28.87033,-3.802392,-2.468654,-1.005009,0.0290864,-0.03204369,45.01387,-22.03122,5.439039,1008.093
18.972497463,5.031304,0.2423124,1.876503,-0.9664163,-0.160661,-0.09056412,45.01061,-22.03638,4.546896,1008.095
19.005054474,20.10553,1.491412,7.506847,-0.9773437,-0.04637279,-0.03177149,45.37303,-21.66734,4.989168,1008.097
19.037611961,2.201041,-3.029139,10.19962,-0.9923339,0.02161539,-0.06262264,45.37303,-21.66734,4.989168,1008.097
19.072673798,-25.11715,-8.263461,10.50562,-1.013118,0.006791453,-0.06862926,45.01387,-22.03122,5.439039,1008.097
19.105230808,-24.07118,-9.988408,13.93278,-0.9852378,-0.04105466,-0.04811755,44.64577,-22.03645,4.994156,1008.097
19.137787819,-11.15042,-7.787614,17.48235,-0.9798422,-0.04771502,-0.06417581,45.0149,-22.40241,4.16716,1008.097
19.170344830,4.908249,-6.895401,21.64391,-1.006114,-0.00487597,-0.04802882,45.0149,-22.40241,4.16716,1008.097
19.205406666,-9.981397,-10.88062,25.43827,-1.007647,0.04607245,-0.03419888,45.02299,-23.1352,3.280238,1008.097
19.237964153,-20.93328,-13.97363,28.62064,-1.011267,0.02173719,-0.03698354,43.93495,-23.87076,3.289027,1008.097
19.270521164,-14.41137,-14.98481,34.67938,-1.016915,-0.001524196,-0.06778571,43.93495,-23.87076,3.289027,1008.097
19.305582047,6.323381,-17.48301,34.98538,-1.006429,0.1163943,0.002159308,43.21983,-25.33904,1.963634,1008.098
19.338139534,-7.274187,-16.8882,35.59737,-1.001025,0.1500905,-0.01763365,43.22957,-26.06925,1.522783,1008.097
19.370696545,-10.90431,-18.01834,41.04412,-1.052329,0.1312498,0.02369883,43.22957,-26.06925,1.522783,1008.097
19.405758381,-21.30245,-25.15605,46.85806,-1.096666,0.09177309,0.02748975,41.78743,-27.90627,0.2661028,1008.097
19.438315392,-7.889462,-27.53529,59.58754,-1.165554,0.08178371,-0.1098752,41.42338,-28.27789,-0.622241,1008.095
19.470872402,20.72081,-30.50933,82.1701,-1.302239,0.1300364,-0.2105162,41.42338,-28.27789,-0.622241,1008.095
19.505934239,23.42801,-41.57279,97.83715,-1.375103,0.1957101,-0.2191115,39.61641,-30.11498,-1.431661,1008.097
19.538491726,-4.320869,-46.2123,94.40999,-1.210192,0.1407217,-0.1592041,36.73251,-33.41562,-2.290794,1008.099
19.571048736,-40.6836,-46.27178,65.27908,-0.9021022,0.2818729,0.03600271,36.73251,-33.41562,-2.290794,1008.099
19.606110096,-101.042,-35.02988,26.29506,-0.582725,0.207304,0.03552355,35.30313,-35.97804,-3.159906,1008.099
19.638667107,-88.24432,5.714559,-35.82233,-0.2122924,-0.3795695,-0.4470134,32.00936,-37.11322,-6.5825,1008.095
19.671224117,4.969777,56.4518,-59.0169,-0.4729216,-0.3537459,-0.3540429,32.00936,-37.11322,-6.5825,1008.099
19.703781128,42.80916,71.61944,-79.02911,-0.6733195,-0.1135891,-0.3018479,33.08786,-36.39279,-9.203996,1008.097
19.738842964,75.35719,99.04015,-98.55171,-0.8086737,0.04657771,-0.3210257,35.26517,-34.17411,-5.785668,1008.097
19.771400452,113.7503,127.5315,-122.4195,-0.9190037,0.1026731,-0.3611504,35.26517,-34.17411,-5.785668,1008.097
19.803957462,111.0431,127.6505,-142.8601,-1.178641,0.4248705,-0.2443242,38.53706,-31.20955,-0.5918427,1008.092
19.839019299,-22.65605,108.9735,-163.5455,-1.153628,0.4339036,-0.1291668,42.88322,-26.41283,5.477505,1008.094
19.871576309,-67.75568,123.3679,-160.3019,-1.354566,0.2352407,-0.1962929,42.88322,-26.41283,5.477505,1008.094
19.904133320,-65.23306,111.8286,-129.2126,-1.494556,0.3037657,0.04270907,45.74157,-20.54301,10.20556,1008.094
19.939194679,-92.48972,62.16196,-88.88221,-1.411081,0.2067195,0.4583021,47.51451,-15.77736,14.1166,1008.092
19.971751690,-33.23877,19.75206,-40.96307,-1.205647,0.1990944,0.5855991,47.51451,-15.77736,14.1166,1008.094
20.004308701,7.000183,-29.49816,39.57533,-1.546692,0.3128263,0.6751546,48.92419,-11.75489,15.80368,1008.094
20.039370537,-61.84904,3.454283,-8.404996,-1.136739,-1.006515,-1.27791,48.92824,-12.12128,15.36022,1008.096
20.071928024,158.9115,-48.7105,62.09671,-0.4853715,-0.2711192,-0.07192842,48.92824,-12.12128,15.36022,1008.096
20.104485035,26.68897,-10.04789,45.87887,-1.031685,0.1458537,-0.02878636,49.67519,-13.21222,14.53726,1008.096
20.172103405,-28.74727,-55.07496,4.752875,-0.8456798,0.1796278,-0.08210546,48.93657,-12.8537,14.53702,1008.097
20.204660416,-65.47916,-46.98555,1.876503,-1.099072,-0.01574392,-0.2743253,49.32251,-14.31146,13.65413,1008.097
20.237217426,-58.58809,-44.24943,3.834884,-0.8875341,-0.2128404,-0.1460579,50.79346,-15.03846,11.93404,1008.097
20.272279263,-22.90216,-31.10414,6.344059,-0.9177654,-0.1737394,-0.1739514,50.79346,-15.03846,11.93404,1008.097
20.304836273,8.230731,-23.25266,6.038062,-0.9833452,-0.06946518,-0.206617,50.79769,-16.15019,8.437023,1008.097
20.337393761,13.15293,-23.90695,1.264509,-1.027954,-0.04524405,-0.2100715,50.78874,-15.79154,7.542267,1008.096
20.372455597,-29.17796,-33.18597,-3.93744,-0.9485537,-0.02190755,-0.09184813,50.78874,-15.79154,7.542267,1008.096
20.405012608,-36.13057,-29.79556,-0.2654758,-0.9445481,-0.2082757,-0.1377158,51.15786,-16.1575,6.715269,1008.096
20.437569618,14.81417,-21.58719,6.22166,-1.002065,-0.2084445,-0.1584481,51.15134,-16.16784,4.930981,1008.096
20.472630978,1.155074,-25.03709,5.181271,-0.9597242,0.03110608,-0.02577268,51.15134,-16.16784,4.930981,1008.096
20.505187988,-27.76283,-21.8846,1.264509,-0.9804519,-0.1244352,-0.08129712,50.78021,-16.17786,3.65768,1008.096
20.537744999,-6.105165,-18.67263,1.264509,-0.986492,-0.05857303,-0.04693348,51.1491,-16.54419,2.766958,1008.097
20.572806835,-12.25791,-19.08899,-1.061068,-1.005524,-0.1000678,-0.06108271,51.1491,-16.54419,2.766958,1008.097
20.605364323,-8.258627,-17.83989,0.9585122,-0.9693255,-0.1540634,-0.05372402,51.14584,-16.54936,1.874814,1008.096
20.637921333,14.38348,-12.1892,4.508077,-0.9966388,-0.1120638,-0.06949171,51.15091,-17.28694,0.1594725,1008.096
20.670478344,-0.3215847,-13.67623,6.405258,-0.9735999,-0.07167254,-0.0152429,51.15091,-17.28694,0.1594725,1008.096
20.705540180,-7.643352,-14.39,8.975633,-0.9881092,-0.1214519,-0.01163795,50.77876,-16.92578,0.1580505,1008.096
20.738097191,-2.721155,-11.05906,7.690446,-0.9599292,-0.06537791,0.02882723,51.15496,-17.65334,-0.283988,1008.096
20.770654678,3.739228,-8.620347,7.26205,-0.9816162,-0.05661864,-0.03530732,51.15496,-17.65334,-0.283988,1008.096
20.805715561,-7.766407,-10.22633,8.547237,-1.013362,-0.04068848,0.00411988,51.52245,-18.02188,-1.557056,1008.096
20.838272572,-15.88803,-10.82114,9.34283,-0.9680196,-0.0824751,0.02470719,50.79659,-18.38877,-1.169721,1008.097
20.870830059,-5.120726,-7.014362,9.526427,-0.9641205,-0.04491284,0.005458036,50.79659,-18.38877,-1.169721,1008.097
20.905891895,-12.62708,-6.419553,8.853234,-0.9997618,-0.03378927,0.02209695,50.79193,-18.39615,-2.444212,1008.102
20.938448906,-15.64192,-5.467858,7.26205,-0.9767015,-0.0480769,0.02379022,50.43682,-19.12642,-2.437801,1008.102
21.006067276,0.2936899,-1.899001,5.487267,-0.9910564,-0.02833437,0.02313852,51.1665,-19.12629,-3.332323,1008.097
21.038624287,-3.951705,0.8966027,5.303669,-0.9835833,-0.03996248,0.03648846,50.07277,-19.49804,-3.326145,1008.097
21.071181297,0.2321624,1.134526,5.732065,-0.9537166,-0.05271447,0.04061548,50.07277,-19.49804,-3.326145,1008.097
21.103738785,-4.197814,4.405978,5.548467,-0.9800395,-0.01548876,0.008822566,50.44655,-19.85662,-2.878651,1008.096
21.138800144,-1.552134,3.93013,6.099261,-1.026959,-0.04521528,-0.001253204,50.08414,-20.22566,-3.320923,1008.096
21.171357632,6.323381,7.261063,5.609666,-0.9547065,-0.01089967,0.03400372,50.43924,-19.49539,-3.327334,1008.097
21.203914642,2.139514,8.748088,6.099261,-0.9896899,-0.01958214,0.026171,50.43924,-19.49539,-3.327334,1008.097
21.238976479,7.676985,11.96006,3.590086,-0.9618571,-0.02697058,0.02071426,50.0874,-20.2205,-2.428779,1008.103
21.271533489,14.13737,15.70736,0.16292,-0.9785395,-0.01934599,0.006345386,50.46686,-20.94289,-1.978674,1008.102
21.304090977,23.05885,17.31334,-1.428264,-0.9489802,-0.05478603,-0.0241932,50.46686,-20.94289,-1.978674,1008.102
21.339151859,24.9662,16.36165,1.386908,-1.024122,-0.006553255,-0.05142067,49.3648,-20.58222,-1.149299,1008.102
21.371708870,11.61474,11.90058,1.815304,-1.006167,-0.04039325,-0.03986985,49.37374,-20.94087,-0.2545433,1008.1
21.404266358,21.8283,14.3393,3.773684,-0.982728,-0.08581202,-0.03140124,49.37374,-20.94087,-0.2545433,1008.1
21.439328194,44.77804,17.78919,2.978092,-0.9445207,-0.06390622,-0.03642106,49.74347,-20.93305,0.6364107,1008.1
21.471885204,22.01288,19.51414,5.120071,-0.9364003,0.1112929,-0.06420874,49.74976,-20.92309,2.356975,1008.098
21.504442215,-11.95027,14.22033,3.22289,-1.122108,-0.00382361,-0.0773868,49.74976,-20.92309,2.356975,1008.098
21.539504051,8.476841,10.11615,-4.733032,-0.9900828,-0.01505974,-0.1134555,50.11623,-20.92044,2.355786,1008.092
21.572061062,23.42801,16.24269,-5.039029,-0.9217647,0.0145196,-0.1164538,49.02577,-21.28703,3.254107,1008.092
21.604618549,26.56591,18.14607,-6.691412,-0.9800333,0.04621879,-0.09367865,49.02577,-21.28703,3.254107,1008.092
21.637175560,5.154359,15.58839,-9.078189,-0.9888074,4.22686E-05,-0.1175768,49.39122,-20.91319,4.524797,1008.09
21.672236442,-0.9983866,14.87462,-6.997409,-1.001227,-0.05758074,-0.09330829,49.74959,-20.17776,5.41053,1008.09
21.704793930,12.59918,12.49539,-6.569014,-0.9808714,-0.02199918,-0.1638415,49.74959,-20.17776,5.41053,1008.09
21.737350941,6.754073,8.212759,-5.589823,-0.9758671,-0.02360878,-0.1164999,49.74227,-19.81653,4.961847,1008.092
21.772412777,0.4167448,7.498987,-4.365836,-0.9201247,0.02747312,-0.1810303,49.74717,-19.80878,6.300064,1008.092
21.804969788,1.401184,6.904178,-1.734261,-0.9846432,-0.07073295,-0.1457297,49.74717,-19.80878,6.300064,1008.094
21.837526798,1.462712,8.331721,-2.89705,-0.9847221,-0.0563205,-0.1092564,49.3807,-19.81143,6.301252,1008.094
21.872588634,12.4146,9.521339,-2.958249,-0.9490061,-0.04813563,-0.2029411,50.1053,-19.07372,7.122072,1008.094
21.905146122,19.12109,3.632726,-1.489464,-0.970361,-0.02619044,-0.06772359,50.1053,-19.07372,7.122072,1008.094
21.937703133,-11.02736,3.454283,-2.040258,-0.9617494,-0.03102776,-0.1543301,49.73478,-18.70997,7.566721,1008.094
21.972764015,-27.7013,10.23511,2.366098,-1.028088,-0.1855585,-0.1358385,49.73478,-18.70997,7.566721,1008.094
22.005321503,-3.274902,5.714559,5.854464,-0.9929906,-0.07023851,-0.171333,49.73478,-18.70997,7.566721,1008.092
22.037878513,12.29154,5.714559,5.732065,-0.9953296,0.01029787,-0.1469,49.74046,-19.07378,7.569332,1008.092
22.070435524,-8.93543,-1.423154,8.241241,-0.9956164,0.02984632,-0.1712537,49.74676,-19.06382,9.289896,1008.092
22.105497360,-30.65462,-0.5309398,7.690446,-0.9972507,-0.1237322,-0.1764954,49.74676,-19.06382,9.289896,1008.092
22.138054848,1.893404,2.145702,8.486038,-0.9606913,-0.07962552,-0.1521723,49.02052,-19.80411,8.023005,1008.092
22.170611858,14.13737,8.688606,6.466458,-0.987334,-0.003766618,-0.1306875,49.3943,-20.16269,8.470499,1008.098
22.205673695,0.04758007,7.796392,2.549696,-0.9655441,0.001499086,-0.1572139,49.3943,-20.16269,8.470499,1008.098
22.238230228,12.23002,13.14968,-1.795461,-0.9152799,-0.04697841,-0.1473677,48.66136,-20.16798,8.472878,1008.098
22.270787716,27.18119,20.04947,-7.854201,-0.9960384,-0.05768033,-0.1629211,49.39593,-20.16011,8.916571,1008.1
22.305849075,63.66697,26.94925,-14.89213,-0.9421673,-0.04808629,-0.1942462,49.39593,-20.16011,8.916571,1008.102
22.338406086,73.57289,31.35085,-23.03165,-0.9516391,-0.03686621,-0.2303191,48.66765,-20.15802,10.19344,1008.102
22.370963097,93.69237,41.76001,-31.17117,-0.9700227,-0.01788257,-0.2889837,49.38578,-18.68494,12.34725,1008.102
22.406024933,102.4293,47.23225,-43.71705,-0.945081,-0.06383414,-0.2660234,49.38578,-18.68494,12.34725,1008.102
22.438582420,106.0594,57.10609,-53.93735,-0.9682555,-0.1229469,-0.2654527,49.00209,-16.85082,15.39417,1008.102
22.471139431,129.9321,54.54841,-43.22745,-1.084842,-0.04376402,-0.1645566,48.97109,-13.91746,19.3242,1008.102
22.503696442,87.0474,29.68538,-37.53591,-1.07794,0.1300779,0.1005626,48.97109,-13.91746,19.3242,1008.102
22.538757801,131.4087,3.93013,-3.080648,-1.139439,0.2140892,0.04679869,47.81469,-9.541956,22.35521,1008.102
22.571314812,73.08067,-0.8283445,30.57902,-1.041145,0.2339898,-0.09220509,47.4008,-6.202291,23.60696,1008.1
22.603871822,90.36988,-15.34169,63.56549,-1.014336,-0.08065166,-0.1869393,47.4008,-6.202291,23.60696,1008.1
22.638933659,137.9306,-19.08899,98.26555,-1.056949,0.1677166,-0.09900145,47.37239,-4.383237,23.5939,1008.098
22.671490669,114.4886,-18.31574,114.7282,-1.048419,0.1183781,-0.2322077,46.63782,-4.391114,23.1502,1008.096
